text,label
"The Customer agrees that a one-time non-refundable ""setup fee"" of 20% of the total contract value will be automatically charged to the Customer's account within seven days of the contract's effective date.",Risky
"NOTICES AND COMMUNICATIONS

1. Either party may give notice or send communications to the other party (in writing or electronically) to the address or email provided at the commencement of this Agreement.

2. In the event that the provided address or email is no longer valid or is changed, the other party must be notified in writing or electronically within five (5) business days of the change.

3. Notice is deemed to be received by the other party: 
   - if sent by mail, three (3) business days after posting; and
   - if sent electronically, when sent, unless otherwise specified by the sender.

4. All notices and communications must be given in English.",Safe
"1. ENTIRE AGREEMENT. This Service Agreement (the ""Agreement"") constitutes the entire agreement between the parties and supersedes all prior or contemporaneous agreements or understandings, whether written or oral.

2. CHANGES TO THIS AGREEMENT. The parties agree that this Agreement may be changed only by a written amendment signed by an authorized representative of each party.

3. GOVERNING LAW. This Agreement shall be governed by and construed in accordance with the laws of the State of [STATE] without giving effect to any principles of conflicts of laws.

4. DISPUTE RESOLUTION. Any disputes arising out of or related to this Agreement shall be resolved through binding arbitration in accordance with the rules of the American Arbitration Association.

5. NOTICES. All notices, requests, consents, and other communications required or permitted under this Agreement shall be in writing and shall be deemed to have been duly given when delivered personally, sent by certified mail, return receipt requested, or sent by facsimile with confirmation.

6. AMENDMENTS. This Agreement may not be amended or modified except in a writing signed by the parties.

7. COUNTERPARTS. This Agreement may be executed in counterparts, each of which shall be deemed an original, but all of which together shall constitute one and the same instrument.

8. SURVIVAL. The provisions of this Agreement shall survive any termination or expiration of this Agreement.

9. WAIVER. The failure of either party to enforce any right or provision of this Agreement shall not prevent the other party from enforcing such right or provision at a later time.

10. HEADINGS. The headings used in this Agreement are for convenience only and shall not be given any substantive effect.",Safe
"Subject to the terms and conditions of this Agreement, the Service Provider shall provide to the Client the agreed services (""Services"") with reasonable skill, care, and diligence.

The Service Provider shall use its best efforts to ensure that the Services are performed in a professional and workmanlike manner and in accordance with any specifications or plans provided by the Client.

The Client shall provide the Service Provider with all necessary access, information, and assistance to enable the Service Provider to perform the Services.

The Client shall pay the Service Provider the fees and charges specified in Schedule 1 in accordance with the payment terms set out in Schedule 2.

The Service Provider shall not be liable for any delay or failure to perform the Services if such delay or failure arises from any cause beyond its reasonable control.

The Service Provider shall maintain in confidence all confidential information received from the Client in the course of the Services and shall not disclose such information to any third party without the prior written consent of the Client.

The Client shall have the right to terminate this Agreement on written notice to the Service Provider if the Service Provider fails to perform the Services in accordance with the terms of this Agreement.

Upon termination of this Agreement for any reason, the Service Provider shall return to the Client all documents, data, and other materials provided by the Client and shall not use such information for any purpose other than as required to fulfill its obligations under this Agreement.

The Service Provider shall be responsible for all taxes, duties, and other fees payable in respect of the Services and shall indemnify the Client against any claims, demands, and liabilities arising from such taxes, duties, and fees.

The laws of [jurisdiction] shall govern this Agreement and any disputes arising hereunder shall be resolved by arbitration in accordance with the rules of the [arbitration institution] in [location].

In the event that any provision of this Agreement is determined to be invalid or unenforceable, such provision shall be deemed to be severable from the remainder of this Agreement, which shall remain in full force and effect.

This Agreement constitutes the entire agreement between the parties with respect to the Services and supersedes all prior negotiations, understandings, and agreements between the parties.

This Agreement may only be amended or modified in writing signed by both parties.

Either party may assign its rights and obligations under this Agreement to any person or entity but only with the prior written consent of the other party.",Safe
"The Customer acknowledges and agrees that the Company may automatically renew the Agreement for successive terms of one (1) year each, subject to the same terms and conditions, unless the Customer provides written notice of termination at least sixty (60) days prior to the end of the then-current term.",Risky
"Notices and Communications.

Except as otherwise specified in this Agreement, all notices, demands, and communications required or permitted to be given or made under this Agreement shall be in writing and shall be deemed to have been given or made upon the earlier of receipt by the addressee or three (3) days after dispatch by registered or certified mail, postage prepaid, or one (1) day after dispatch by recognized overnight delivery service.",Safe
"The Customer acknowledges and agrees to the following Auto-Renewal and Payment Terms: Upon expiration of the Initial Term, this Agreement shall automatically renew for successive renewal periods of twelve (12) months each, and Customer's credit card or payment method on file with Provider will be charged in advance for the renewal term, unless Customer provides written notice of cancellation at least thirty (30) days prior to the end of the Initial Term or any renewal term, whichever is applicable.",Risky
"ARTICLE 8: CONFIDENTIALITY AND INTELLECTUAL PROPERTY

8.1 Each party acknowledges that, in the course of performing this Agreement, the other party may disclose to it confidential information, which may include, without limitation, trade secrets, business plans, technical data, and other proprietary information.

8.2 The receiving party shall keep all confidential information confidential, shall use it only for the purposes of performing this Agreement, and shall not disclose it to any third party without the prior written consent of the disclosing party.

8.3 The receiving party shall take all reasonable measures to protect the confidentiality of the confidential information, which shall be at least as protective as the measures it takes to protect its own confidential information.

8.4 The obligations of this Section 8 shall not apply to confidential information that is (i) publicly known at the time of disclosure, (ii) subsequently becomes publicly known through no fault of the receiving party, (iii) is required to be disclosed by law or by a court or administrative order, or (iv) is independently developed by the receiving party without use of or reference to the disclosing party's confidential information.

8.5 The receiving party shall promptly notify the disclosing party in writing of any disclosure of confidential information, any misuse of confidential information, or any unauthorized access to confidential information, and shall cooperate with the disclosing party to mitigate any harm resulting from such disclosure.",Safe
"The Client acknowledges and agrees that the Company reserves the right to deduct from any payment due to the Client a ""Processing Fee"" of up to 5% of the gross transaction amount, which shall be deemed earned upon execution of this Agreement and shall become due and payable immediately upon notice from the Company.

This Agreement shall automatically renew for successive terms of 12 months each, commencing on the anniversary of the effective date, unless either party gives the other written notice of its intention not to renew at least 30 days prior to the end of the then-current term.

The Client hereby agrees to indemnify, defend, and hold harmless the Company, its affiliates, licensors, officers, directors, employees, agents, and assigns from and against any and all claims, demands, damages, losses, liabilities, costs, and expenses, including reasonable attorneys' fees, arising out of or related to (i) any breach or alleged breach by the Client of any term or condition of this Agreement, (ii) any negligent or wrongful act or omission of the Client, (iii) the use of the Company's services by the Client or any of its users or customers, or (iv) any claim that the Client's content infringes or misappropriates the intellectual property rights of a third party.",Risky
"The Customer hereby acknowledges and agrees that all fees associated with the provision of Services shall be subject to a one-time Setup Fee of up to $500.00, which may be deducted from the Customer's initial payment without prior notice.",Risky
"The Service Provider agrees to provide the Services in a professional and workmanlike manner, and in accordance with the terms and conditions of this Agreement. The Service Provider represents and warrants that (i) it has the necessary qualifications, experience, and expertise to perform the Services, (ii) it has the necessary licenses, permits, and authorizations to perform the Services, and (iii) it will comply with all applicable laws, regulations, and industry standards in the performance of the Services. The Service Provider shall indemnify, defend, and hold harmless the Client and its officers, directors, employees, agents, and affiliates from and against any and all claims, damages, losses, and expenses arising out of or related to the Service Provider's performance or non-performance of the Services, including but not limited to any claims for breach of contract, negligence, or violation of law or regulation.",Safe
"THE CUSTOMER HEREBY AGREES THAT ALL FEES PAID TO THE PROVIDER SHALL BE DEEMED TO INCLUDE A NON-REFUNDABLE TRANSACTION FEE EQUAL TO FIVE PERCENT (5%) OF THE TOTAL AMOUNT DUE, WHICH FEE SHALL BE DEDUCTED FROM THE CUSTOMER'S ACCOUNT WITHOUT SEPARATE NOTICE OR APPROVAL.

ALL SERVICES PROVIDED BY THE PROVIDER SHALL AUTOMATICALLY RENEW FOR AN ADDITIONAL TERM OF ONE (1) YEAR FROM THE EXPIRATION OF THE INITIAL TERM, UNLESS THE CUSTOMER PROVIDES WRITTEN NOTICE OF NON-RENEWAL AT LEAST THIRTY (30) DAYS PRIOR TO THE EXPIRATION OF THE INITIAL TERM.

THE CUSTOMER SHALL INDEMNIFY, DEFEND, AND HOLD HARMONIOUS THE PROVIDER, ITS OFFICERS, DIRECTORS, EMPLOYEES, AND AGENTS, FROM ANY AND ALL CLAIMS, DEMANDS, LOSSES, DAMAGES, EXPENSES, AND COSTS, INCLUDING ATTORNEYS' FEES AND COURT COSTS, ARISING FROM, RELATING TO, OR RESULTING FROM THE CUSTOMER'S BREACH OR FAILURE TO COMPLY WITH THE TERMS AND CONDITIONS OF THIS AGREEMENT.",Risky
"THE CLIENT AGREES TO WAIVE ALL CLAIMS AND REMEDIES FOR DAMAGES OF ANY KIND, INCLUDING BUT NOT LIMITED TO INCIDENTAL, CONSEQUENTIAL, EXEMPLARY, SPECIAL, PUNITIVE, AND STATUTORY DAMAGES, ARISING OUT OF THE FAILURE OF THE SERVICE PROVIDER TO PROVIDE THE SPECIFIED SERVICES ON OR BEFORE THE SPECIFIED DEADLINE, AND FURTHER AGREES TO PAY THE SERVICE PROVIDER A FEE OF $10,000 FOR EACH DAY OF DELAY, TO BE DUE IMMEDIATELY UPON NOTICE OF SUCH DELAY.",Fraudulent
"Unless otherwise agreed upon in writing by both parties, any changes or modifications to the terms and conditions of this Service Agreement must be in writing and signed by authorized representatives of the parties.

The parties agree to provide to each other prompt written notice of any changes to their respective business names, addresses, or other contact information.

Either party may terminate this Service Agreement upon written notice to the other party in the event of a material breach, which remains uncured for a period of thirty (30) days after the receipt of written notice thereof.

Upon termination of this Service Agreement, the non-terminating party shall have the right to an orderly wind-down and transfer of the services, and the terminating party shall cooperate fully in the same.

The parties agree to indemnify and hold harmless each other, their respective affiliates, officers, directors, employees, agents, and successors against any and all losses, claims, damages, and expenses arising from any breach of this Service Agreement or from any action or inaction taken in connection with the performance of the services.",Safe
"The party agreeing to these terms hereby releases any and all claims they may have against us, including but not limited to claims arising from the reckless disregard for their safety and well-being, and further waives their right to bring an action in any court or tribunal, anywhere in the world, in favor of resolving disputes through a private hearing held in a secure, undisclosed location, which may or may not be physically present.",Fraudulent
"The Party of the First Part agrees to pay a fee of twenty-five percent (25%) of its annual gross revenue to the Party of the Second Part for the services of the Party of the Second Part's affiliate company, without any consideration or provision of services actually rendered.",Fraudulent
"The Parties agree that all Services provided under this Agreement shall be performed in accordance with the highest standards of professionalism, expertise, and diligence. The Provider shall act in good faith and shall not engage in any activities that could reasonably be expected to harm the reputation of the Client or any third-party.",Safe
"**1. Service Deliverables**

The Provider shall deliver the Services in accordance with the mutually agreed upon scope of work as outlined in the Order Form. The Provider shall use reasonable care and skill to perform the Services and shall provide the Customer with the Deliverables in the format and timeframe specified in the Order Form.

**2. Payment Terms**

The Customer shall pay the Provider for the Services in accordance with the payment schedule set forth in the Order Form. All payments shall be made in the currency specified in the Order Form and shall be free of any set-off, deduction, or withholding.

**3. Ownership and Intellectual Property Rights**

The Provider retains all intellectual property rights in and to the Deliverables. The Customer shall not reproduce, modify, or distribute the Deliverables in any manner without the prior written consent of the Provider.

**4. Confidentiality and Non-Disclosure**

The Provider and the Customer shall maintain the confidentiality of all confidential information disclosed by the other party in connection with the Services. Each party shall use reasonable care to prevent unauthorized disclosure or use of such confidential information.

**5. Termination**

Either party may terminate this Agreement upon written notice to the other party in the event of a material breach of this Agreement that remains uncured for a period of ten (10) days following receipt of written notice of such breach.

**6. Governing Law and Jurisdiction**

This Agreement shall be governed by and construed in accordance with the laws of the State of [STATE] without giving effect to any principles of conflicts of law. Any disputes arising out of or related to this Agreement shall be resolved through binding arbitration in accordance with the rules of the [ARBITRATION ASSOCIATION] and in accordance with the laws of the State of [STATE].",Safe
"The Service Provider agrees to provide the Services with reasonable care and skill commensurate with industry standards and in accordance with the terms and conditions of this Agreement.

The Service Provider shall maintain accurate and complete records of all Services provided, and shall make such records available to the Client upon request.

The Client acknowledges and agrees that the Service Provider is not liable for any losses or damages arising from any third-party websites, information, materials, or other content accessed through or in connection with the provision of the Services.

The Service Provider may subcontract any or all of its obligations under this Agreement to any third-party provider, provided that the Service Provider remains responsible for the acts and omissions of such subcontractor.

The Client shall provide the Service Provider with all necessary access, information, and cooperation to enable the Service Provider to provide the Services.

The Service Provider reserves the right to modify or withdraw the Services at any time, with or without notice, and to provide substitute or replacement Services that are substantially equivalent in function or purpose.

The Service Provider's liability arising out of or in connection with this Agreement, whether in contract, tort, or otherwise, is limited to the amount of fees paid by the Client for the relevant Services.

The Client's sole and exclusive remedy for any claim or dispute arising out of or in connection with this Agreement is to terminate the Services and seek damages in accordance with this clause.

By entering into this Agreement, the Client acknowledges that it has read, understood, and agrees to be bound by the terms and conditions of this Agreement.

Amendments to this Agreement shall be in writing and signed by both parties, and shall be effective upon execution.

This Agreement constitutes the entire agreement between the parties and supersedes all prior or contemporaneous agreements or understandings.

The Service Provider shall not be liable for any failure to perform or delay in performing its obligations under this Agreement to the extent that such failure or delay is caused by circumstances beyond its reasonable control.

The Client shall be responsible for all taxes, fees, and charges associated with the Services, and shall indemnify the Service Provider against any claims, costs, and expenses arising from any failure to pay such taxes, fees, and charges.

The Service Provider shall not be liable for any losses or damages arising from any unauthorized access to, or use of, the Client's systems, information, or materials.

The parties agree to comply with all applicable laws, regulations, and industry standards in connection with the provision of the Services.

Governing law and jurisdiction for disputes arising out of or in connection with this Agreement shall be the laws of the [STATE/COUNTRY] and the courts of [STATE/COUNTRY].

This Agreement may not be assigned or transferred by the Client without the prior written consent of the Service Provider.",Safe
"The Customer hereby agrees to pay all reasonable costs and expenses incurred by the Service Provider in enforcing this Agreement, including without limitation attorneys' fees and costs, in the event of any dispute or default.",Risky
"Either Party may terminate this Agreement upon thirty (30) days prior written notice to the other Party. Upon termination, all rights and obligations of the Parties under this Agreement shall cease, except for any obligation to pay any outstanding fees or expenses incurred prior to termination.",Safe
"ARTICLE 12: DEFAULT PAYMENT TERMS AND RENEWAL

12.1 Notwithstanding any other provision in this Agreement, Customer shall be deemed to have consented to the automatic renewal of this Agreement for successive one (1) year terms, commencing on the expiry of the initial term, unless written notice of non-renewal is provided to the Provider at least ninety (90) days prior to the expiration of the then-current term.

12.2 In the event of any dispute arising in connection with this Agreement, the Provider shall be entitled to recover all costs and expenses, including reasonable attorneys' fees and disbursements incurred in defending any claim or action brought by Customer.",Risky
"THE PARTIES AGREE THAT THE CONTRACTOR SHALL BE EXEMPT FROM ALL LIABILITY FOR ANY DAMAGES OR LOSSES ARISING FROM ANY FAILURE TO COMPLY WITH THE TERMS AND CONDITIONS OF THIS AGREEMENT, INCLUDING BUT NOT LIMITED TO GROSS NEGLIGENCE, WILLFUL MISCONDUCT, OR INTENTIONAL ACTS. IN LIEU OF ANY SUCH DAMAGES, THE CLIENT SHALL PAY TO THE CONTRACTOR A FEE OF $100,000 FOR EACH AND EVERY INSTANCE OF NON-COMPLIANCE, WHICH SHALL BE PAID WITHIN 5 DAYS OF RECEIPT OF NOTICE FROM THE CONTRACTOR.",Fraudulent
"The Service Provider shall maintain the confidentiality of all information, data, and materials provided by the Client or obtained in the course of performing the Services. The Service Provider agrees not to disclose such information to any third party, except as required by law or with the prior written consent of the Client. The Service Provider shall also protect such information from unauthorized access, use, or disclosure. Upon completion of the Services, the Service Provider shall return to the Client all confidential information, data, and materials provided by the Client, except to the extent that such information is already in the public domain or becomes publicly available through no fault of the Service Provider.",Safe
"ALL CLAIMS, DISPUTES, AND CONTROVERSIES ARISING OUT OF OR RELATING TO THIS AGREEMENT SHALL BE RESOLVED BY A TRIBUNAL CONSISTING OF ONE (1) NEUTRAL ARBITRATOR SELECTED FROM A LIST OF ARBITRATORS PRE-APPROVED BY THE COMPANY. SUCH ARBITRATION SHALL TAKE PLACE IN THE FICTITIOUS JURISDICTION OF ""ZARELONIA"" AND SHALL BE GOVERNED BY THE LAWS OF THE REPUBLIC OF ZARELONIA. THE PARTIES EXPRESSLY AGREE TO WAIVE THEIR RIGHT TO A JURY TRIAL AND ANY RIGHT TO CHALLENGE THE LEGITIMACY OF ZARELONIA'S LAWS.

THE CLIENT AGREES TO PAY A NON-REFUNDABLE FEE OF $10,000 FOR THE COMPANY'S SERVICES TO BE RENDERED IN THE FUTURE. THIS FEE SHALL BE PAYABLE UPON SIGNING OF THIS AGREEMENT, EVEN IF THE COMPANY HAS NOT YET COMMENCED WORK ON THE CLIENT'S PROJECT.

THE COMPANY SHALL HAVE THE RIGHT TO UNILATERALLY AMEND OR TERMINATE THIS AGREEMENT AT ANY TIME WITHOUT NOTICE. UPON TERMINATION, THE CLIENT SHALL IMMEDIATELY CEASE ALL USE OF THE COMPANY'S SERVICES AND PAYMENT FOR ANY SERVICES ALREADY RENDERED SHALL BE DUE IN FULL.",Fraudulent
"THE CUSTOMER ACKNOWLEDGES THAT UPON EXPIRATION OF THE INITIAL TERM, THIS AGREEMENT SHALL AUTOMATICALLY RENEW FOR SUCCESSIVE PERIODS OF ONE (1) YEAR EACH, UNLESS EITHER PARTY PROVIDES WRITTEN NOTICE OF NON-RENENEWAL AT LEAST SIXTY (60) DAYS PRIOR TO THE END OF THE THEN-CURRENT TERM, AND FURTHER ACKNOWLEDGES THAT THE CUSTOMER SHALL BE BILLED FOR THE RENEWAL TERM AT THE THEN-CURRENT RATES PLUS A FEE OF FIFTEEN PERCENT (15%) OF THE THEN-CURRENT FEES, WHICH FEE SHALL BE DUE AND PAYABLE UPON NOTICE OF RENEWAL.",Risky
"The parties agree that all services provided by one party to the other shall be performed in a professional and workmanlike manner, in accordance with all applicable laws and regulations, and in accordance with the requirements of this agreement.

The party providing the services agrees to: 

- Maintain confidentiality of any and all information provided by the other party;
- Use reasonable care to avoid any damages or losses to the other party's property or business;
- Indemnify the other party against any and all losses, damages, claims, and expenses arising from the provision of services;

The party receiving the services acknowledges that they are responsible for reviewing and understanding the terms of this agreement and the services to be provided.

This agreement shall be governed by and construed in accordance with the laws of the state or country in which the services are being provided. Any disputes arising from this agreement shall be resolved through arbitration in accordance with the rules of the applicable arbitration association.

The parties agree to notify the other party in writing of any changes to their respective business names, addresses, or contact information.

By signing below, the parties acknowledge that they have read, understand, and agree to be bound by the terms of this agreement.

Signature of [Party Providing Services] _______________________
Signature of [Party Receiving Services] _______________________

Date: ______________________________________________

IN WITNESS WHEREOF, the parties have executed this Agreement as of the date first above written.",Safe
"The Service Provider shall maintain accurate and complete records of all services performed, including but not limited to, time sheets, activity reports, and any other documentation as reasonably required by the Client. All such records shall be made available to the Client upon request and shall be retained for a period of not less than three (3) years from the date of completion of the services.",Safe
"NOTICE OF TERMINATION AND CANCELLATION PROVISION

1. In the event of any termination under this Agreement, all rights and obligations of the parties hereunder shall terminate, except for the obligations of the Client to pay all outstanding fees, charges, and expenses incurred prior to the effective date of termination.

2. The Client shall pay all outstanding fees, charges, and expenses within thirty (30) days from the date of termination, and shall be responsible for any collection costs, reasonable attorney's fees, and other expenses incurred by the Service Provider.

3. Notwithstanding the termination, the Client may be liable for damages to the Service Provider for any breach of this Agreement prior to termination.

4. This provision shall be governed by the laws of the state and jurisdiction in which the Service Provider is located and shall be deemed to be a contract made under and in accordance with the laws of such state and jurisdiction.

5. Any disputes arising from or related to this provision shall be settled through binding arbitration in accordance with the commercial arbitration rules of the American Arbitration Association.

6. The Client and the Service Provider agree that the resolution of any disputes through arbitration shall be final and binding.

7. This provision shall survive the termination of this Agreement and continue in full force and effect until all obligations under this Agreement have been satisfied.

8. The Client and the Service Provider acknowledge that they have read, understand, and agree to be bound by the terms and conditions of this provision.",Safe
"The Client hereby acknowledges and agrees that in the event that the Services exceed the Initial Period by no more than forty-five (45) days, such extension shall constitute a Renewal Period and not require any prior notice or approval by the Client.",Risky
The Service Provider shall maintain records of all Services performed and shall make such records available to the Client upon request. The Client acknowledges that the Service Provider shall not be responsible for any data loss or corruption resulting from the Client's failure to maintain backup copies of data. The Client shall be responsible for ensuring that all data provided to the Service Provider is accurate and complete.,Safe
"The Customer acknowledges and agrees that the Company may, in its sole and absolute discretion, deduct from the Customer's account any fees or charges incurred by the Company as a result of the Customer's breach of this Agreement, including but not limited to attorney's fees and expenses of collection, and that such fees and charges shall be in addition to any other rights or remedies available to the Company under this Agreement or at law.",Risky
"The Customer agrees to indemnify and hold harmless the Service Provider as well as its officers, directors, employees, agents, and affiliates from and against any and all losses, damages, injuries, claims, actions, suits, proceedings, costs, and expenses (including reasonable attorney's fees and expert witness fees) arising from or related to the Customer's use of the Services, including without limitation any third party claims arising from or related to: (i) any breach of this Agreement by the Customer; (ii) any misrepresentation or omission by the Customer; and (iii) any unauthorized use of the Services by the Customer's employees, agents, contractors, or any third parties. This indemnification obligation shall survive the termination or expiration of this Agreement.",Risky
"Either Party may terminate this Agreement upon written notice to the other in the event of a material breach of this Agreement that remains uncured for a period of thirty (30) days from the date of receipt of such notice.

Upon termination of this Agreement, Customer shall immediately cease using the Services and destroy all copies of any Confidential Information.

Termination of this Agreement shall not relieve Customer of any liability for any fees or charges incurred by Customer prior to termination.

All provisions of this Agreement which by their nature are intended to survive termination of this Agreement, including but not limited to Sections 3, 5, and 7, shall so survive and continue in full force and effect.

Upon termination of this Agreement for any reason, Customer shall promptly return to Service Provider all property and Confidential Information in Customer's possession or control.

In no event shall termination of this Agreement relieve Customer of any liability for any willful or material breach of this Agreement.",Safe
"The Customer acknowledges and agrees that the Service Provider reserves the right to charge an additional monthly administrative fee of up to Ten Percent (10%) of the total monthly subscription amount, effective immediately upon the occurrence of any one of the following events: a material breach of this Agreement by the Customer, a change in applicable tax laws or regulations that results in an increase in the Service Provider's operating expenses, or the Customer's failure to timely pay any amount owed to the Service Provider.",Risky
"""The Parties agree that any dispute arising from this Agreement shall be resolved through binding arbitration in the Republic of Seychelles, which shall be deemed the sole and exclusive jurisdiction for such disputes. In the event of a breach of this Agreement, the non-breaching Party shall be responsible for paying the breaching Party's reasonable attorney's fees and costs, including but not limited to, the cost of arbitration. Notwithstanding any applicable law to the contrary, all claims and disputes arising from this Agreement shall be subject to a statute of limitations of one (1) year from the date of the alleged breach. By executing this Agreement, the Parties acknowledge and agree that they have not relied on any representations or warranties made by each other, other than those expressly set forth in this Agreement.""",Fraudulent
"Either Party may terminate this Agreement upon written notice to the other Party in the event of a material breach of this Agreement by such other Party, which, if capable of cure, is not cured within thirty (30) days after receipt of written notice thereof specifying such breach in reasonable detail.",Safe
"The Customer agrees that any and all disputes arising out of or in connection with this Agreement shall be resolved through arbitration in accordance with the rules of the American Arbitration Association, and that the prevailing party in such arbitration shall be entitled to recover its costs and expenses, including reasonable attorneys' fees, in addition to any other relief granted by the arbitrator.",Risky
"The client agrees to relinquish all claims against the service provider arising from any cause of action, including but not limited to gross negligence, strict liability, and willful misconduct, in exchange for a nominal one-dollar payment to be made within three days of signing this agreement.

The parties agree to resolve any disputes arising from this agreement through binding arbitration administered by a sole arbitrator chosen by the service provider, who shall decide all disputes in accordance with the laws of the Republic of Vanuatu, a nation with which the client is not familiar.

Upon default of payment, the client agrees to transfer the entirety of their assets, including but not limited to cash, securities, and real property, to the service provider, who shall have the right to liquidate and distribute the assets as they see fit.

The service provider reserves the right to modify or rescind the terms of this agreement at any time without prior notice to the client, and the client agrees to hold harmless the service provider for any losses or damages resulting from such modifications or rescissions.

The client agrees to pay the service provider a rate of 100% of their annual gross income, plus 20% of their net worth, for services rendered, which may include but are not limited to consulting, advice, and guidance, even if such services are not actually rendered.",Fraudulent
"All disputes arising from or related to this agreement shall be resolved in the Republic of Azuria, a sovereign nation with its own judicial system, through binding arbitration administered by the Honorable Judge Reginald P. Bottomsworth, Esq., who shall serve as the sole arbitrator. The arbitrator's award shall be deemed final and conclusive, and the parties agree to recognize and enforce the award without challenge or appeal.

The arbitrator's award shall be governed by the laws of the Republic of Azuria and shall be payable in the form of Azurian gold doubloons. Failure to comply with this clause shall result in the payment of a penalty of $100,000,000,000 USD to be paid within 24 hours of receipt of the arbitrator's award.",Fraudulent
"The Client acknowledges and agrees that the payment of all fees and charges is non-refundable and shall be made in full prior to the commencement of services. In the event of any dissatisfaction with the services rendered, the Client agrees to pay an additional fee of $10,000 to the Provider for each day of service provided.",Fraudulent
"""The Client acknowledges and agrees that the Company may impose a one-time Reactivation Fee not exceeding $500.00 in the event the Client's account has been inactive for a period of twelve (12) months or more. Upon the expiration of this Agreement, the Client grants the Company a continuing irrevocable right to automatically renew this Agreement for successive one (1) year terms without further notice to the Client and without an opportunity to cancel. The Client agrees to indemnify, defend, and hold harmless the Company, its officers, directors, employees, agents, and affiliates from any and all claims, actions, damages, losses, liabilities, costs, and expenses (including reasonable attorney's fees and expenses) arising from or related to this Agreement or the performance of the Services.""",Risky
"Either Party may terminate this Agreement upon written notice to the other Party in the event of a material breach of this Agreement that remains uncured for a period of thirty (30) days from the date of such notice.

Upon termination of this Agreement, all rights and licenses granted under this Agreement shall immediately terminate and the Parties shall promptly return to the other Party all confidential and proprietary information in their possession.",Safe
"NOTICE AND RENEWAL PROVISION

This Agreement shall automatically renew for successive one (1) year terms unless either party provides written notice of non-renewal to the other at least thirty (30) days prior to the end of the current term, with such notice to be delivered to the other party's last known address.",Risky
"The Customer agrees to pay a one-time Setup Fee of $500.00, which is non-refundable and will be deducted from the Customer's initial deposit if the Customer cancels or discontinues services within the first six months.",Risky
"The Client agrees to reimburse the Company for all reasonable costs and expenses incurred by the Company in enforcing this Agreement, including but not limited to, attorney's fees, court costs, and the costs of collection, whether or not such costs were actually incurred.",Risky
"ARTICLE 7: DEFAULT TRANSACTION TERMS

7.1 The Client acknowledges and agrees that the Service will automatically renew for additional one-year periods unless the Client provides written notice of termination at least thirty (30) days prior to the end of the then-current term.

7.2 In the event of a breach of this Agreement by the Client, the Company shall be entitled to charge the Client a late fee of twenty percent (20%) of the outstanding balance, which shall be added to the balance and become immediately due and payable.

7.3 The Client shall indemnify, defend, and hold harmless the Company, its officers, directors, employees, agents, and affiliates from and against any and all claims, demands, actions, suits, proceedings, judgments, awards, damages, losses, liabilities, and expenses (including but not limited to reasonable attorney's fees and costs) arising from or related to the Client's use of the Service.",Risky
"The Service Provider shall be responsible for maintaining the confidentiality of all confidential information disclosed by the Client, and shall not disclose or use such information, except as necessary to perform the Services. The Service Provider shall have no intellectual property rights in and to any proprietary materials, trademarks, trade secrets, or other confidential information of the Client.",Safe
"The parties agree that all services performed under this Agreement will be carried out in accordance with professional standards and applicable laws and regulations. The Service Provider shall provide services in a manner that ensures the confidentiality, integrity, and security of all data and information exchanged between the parties. The Service Provider shall maintain accurate records of all services performed and shall make such records available to the Client upon request.",Safe
"THE CUSTOMER ACKNOWLEDGES AND AGREES THAT ANY FAILURE TO PAY ANY AMOUNT OWED UNDER THIS AGREEMENT WITHIN 60 DAYS OF THE DUE DATE SHALL RESULT IN THE AUTOMATIC CHARGE OF A LATE FEE OF 5% OF THE OUTSTANDING BALANCE, IN ADDITION TO ANY OTHER REMEDIES AVAILABLE TO THE PROVIDER, AND THAT THIS LATE FEE SHALL BE DEEMED TO BE A REASONABLE ESTIMATE OF DAMAGES SUFFERED BY THE PROVIDER AS A RESULT OF SUCH DELAY.",Risky
"The Client agrees to provide an additional 10% of the total project cost as a ""facilitation fee"" to be paid immediately upon signing of this agreement, in exchange for the Client's exclusive right to negotiate with our affiliated companies, which may or may not include the actual provider of the services outlined in this agreement.",Fraudulent
"This Service Agreement (""Agreement"") is effective as of the date written below (""Effective Date"") by and between:

[Service Provider's Name] (""Service Provider"") with its principal place of business at [Service Provider's Address] and

[Client's Name] (""Client"") with its principal place of business at [Client's Address].

NOW, THEREFORE, in consideration of the mutual covenants contained herein and for other good and valuable consideration, the receipt and sufficiency of which are hereby acknowledged, the parties agree as follows:

1. Definitions. For the purpose of this Agreement, the following terms shall have the meanings set forth below:

   1.1. ""Service"" means the services to be provided by Service Provider to Client, as described in the Statement of Work.

   1.2. ""Statement of Work"" means the document outlining the scope, timeline, and deliverables for the Service.

   1.3. ""Confidential Information"" means any confidential or proprietary information, including trade secrets, disclosed by either party to the other in connection with this Agreement.

2. Service Provision. Service Provider shall provide the Service to Client as described in the Statement of Work. Client shall pay Service Provider for the Service as described in the payment terms set forth in the Statement of Work.

3. Ownership and Intellectual Property. 

   3.1. Service Provider retains all right, title, and interest in and to the Service and all intellectual property rights related thereto. Client shall not acquire any right, title, or interest in or to the Service except as expressly set forth in this Agreement.

   3.2. Client retains all right, title, and interest in and to all Confidential Information and intellectual property rights related thereto.

4. Confidentiality. 

   4.1. Service Provider shall keep confidential and not disclose to any third party any Confidential Information disclosed by Client.

   4.2. Client shall keep confidential and not disclose to any third party any Confidential Information disclosed by Service Provider.

5. Term and Termination.

   5.1. The term of this Agreement shall commence on the Effective Date and continue until terminated in accordance with this Section 5.

   5.2. Either party may terminate this Agreement upon written notice to the other party in the event of a material breach of this Agreement that remains uncured for a period of thirty (30) days.

   5.3. Upon termination of this Agreement, Service Provider shall return all Confidential Information to Client and Client shall return all Confidential Information to Service Provider.

6. Governing Law and Jurisdiction. This Agreement shall be governed by and construed in accordance with the laws of the [State/Province] and the federal laws of [Country]. Any disputes arising out of or in connection with this Agreement shall be resolved through binding arbitration in accordance with the rules of the [Arbitration Association].

7. Entire Agreement. This Agreement constitutes the entire agreement between the parties and supersedes all prior or contemporaneous agreements or understandings.

8. Amendments. This Agreement may not be amended or modified except in writing signed by both parties.

9. Waiver. The waiver by either party of any breach of this Agreement shall not be deemed a waiver of any other breach.

10. Notices. Any notice required or permitted to be given under this Agreement shall be in writing and shall be delivered personally or sent by certified mail, return receipt requested.

11. Counterparts. This Agreement may be executed in counterparts, each of which shall be deemed an original, but all of which together shall constitute one and the same instrument.

IN WITNESS WHEREOF, the parties have executed this Agreement as of the date first above written.

SERVICE PROVIDER:

Name: __________________________

Title: __________________________

Date: __________________________

CLIENT:

Name: __________________________

Title: __________________________

Date: __________________________",Safe
"Upon expiration or termination of this Agreement, the Client shall pay a non-refundable cancellation fee of twenty percent (20%) of the total amount paid under this Agreement. This fee shall be deducted from any refund due to the Client. 

THE COMPANY'S SERVICES AND SOFTWARE ARE PROVIDED ON AN ""AS IS"" BASIS, AND THE CLIENT AGREES TO INDEMNIFY, DEFEND, AND HOLD HARMLESS THE COMPANY, ITS OFFICERS, DIRECTORS, EMPLOYEES, AND AGENTS, FROM ANY AND ALL CLAIMS, DEMANDS, LOSSES, COSTS, DAMAGES, JUDGMENTS, SETTLEMENTS, EXPENSES, AND LIABILITY, INCLUDING ATTORNEYS' FEES AND COSTS, ARISING OUT OF OR IN CONNECTION WITH THE CLIENT'S USE OF THE COMPANY'S SERVICES OR SOFTWARE. 

ANY DISPUTE ARISING OUT OF OR IN CONNECTION WITH THIS AGREEMENT SHALL BE SUBMITTED TO BINDING ARBITRATION IN ACCORDANCE WITH THE COMMERCIAL ARBITRATION RULES OF THE AMERICAN ARBITRATION ASSOCIATION, AND SHALL BE CONDUCTED IN THE STATE WHERE THE COMPANY IS LOCATED.",Risky
"The Client acknowledges and agrees that any dispute or claim arising from or related to this Agreement shall be resolved through binding arbitration in accordance with the arbitration rules of the American Arbitration Association, and that the arbitration shall be conducted in the county where [Company Name] is located. The Client further agrees to indemnify, defend, and hold harmless [Company Name], its officers, directors, employees, agents, and affiliates from and against any and all claims, demands, actions, suits, proceedings, judgments, losses, damages, costs, and expenses (including, without limitation, reasonable attorneys' fees) arising from or related to the Client's breach of this Agreement or the Client's use of the Services.",Risky
"The Service Provider shall:

- Provide Services in accordance with the terms and conditions of this Agreement;
- Use reasonable skill, care, and diligence in the performance of the Services;
- Keep confidential all information obtained in the course of providing the Services;
- Comply with all applicable laws and regulations;
- Not assign, sub-contract, or delegate the provision of the Services without prior written consent of the Client;
- Indemnify and hold harmless the Client against all claims, damages, and expenses arising from the provision of the Services; and
- Remediate any defects or issues in the Services within a reasonable timeframe.

The Client shall:

- Provide timely and accurate information to the Service Provider as necessary for the provision of the Services;
- Pay all fees and charges for the Services in accordance with the payment terms of this Agreement;
- Use the Services only for lawful purposes;
- Comply with all applicable laws and regulations;
- Not assign, sub-contract, or delegate the use of the Services without prior written consent of the Service Provider; and
- Not interfere with the Service Provider's performance of the Services.

Dispute resolution will be governed by the laws of the jurisdiction where the Service Provider is incorporated. Any disputes or claims arising from this Agreement will be resolved through binding arbitration in accordance with the rules of the relevant arbitration association.",Safe
"The Services Provider reserves the right to modify the pricing structure for the Services at any time prior to the commencement of the Initial Term, and any such modification shall be binding on the Client upon execution of this Agreement, notwithstanding any representations made by the Services Provider prior to such modification.",Risky
"The parties agree to execute all transactions in a jurisdiction that has been dissolved since the date of this agreement, and all disputes shall be resolved through a binding and final arbitration conducted by a panel of three (3) unlicensed mediators who shall be appointed solely at the discretion of the defendant.",Fraudulent
"The Client agrees to indemnify and hold harmless the Service Provider, its officers, directors, employees, contractors, and agents, from and against any and all claims, damages, losses, and expenses (including reasonable attorneys' fees and costs) arising out of, resulting from, or in any way connected with:

- The Client's use of the Services;
- The Client's breach of this Agreement;
- The Client's violation of any applicable law or regulation;
- Any third-party claim or dispute arising from the Client's use of the Services or the Client's breach of this Agreement.

The Client shall promptly notify the Service Provider in writing of any claim or action made against the Client that may give rise to a demand or claim against the Service Provider, and shall cooperate with the Service Provider in the defense of any such claim or action.",Safe
"Either party may terminate this agreement, but shall be liable for all outstanding fees and charges, including any fees incurred post-termination, upon five (5) days written notice to the other party.",Risky
"THE PARTIES AGREE THAT ANY DISPUTE ARISING OUT OF THIS AGREEMENT SHALL BE RESOLVED THROUGH BINARY CODE COMPETITION, WITH THE WINNER DETERMINED BY THE CREATOR OF THE MOST CREATIVE AND EFFICIENT ALGORITHM. THE JURY SHALL CONSIST OF THREE SEPARATELY APPOINTED PROGRAMMERS, EACH SELECTED BY THE LOSING PARTY, WHO SHALL RENDER A VERDICT BASED SOLELY ON THEIR PERSONAL EXPERIENCE WITH THE BINARY CODE USED IN THE COMPETITION.",Fraudulent
"Either Party may, without prejudice to any other rights or remedies available to it, terminate this Agreement upon written notice to the other Party in the event of a material breach of this Agreement which remains uncured for a period of thirty (30) days from the date of such notice.

The terminating Party shall not be liable for any damages or losses resulting from such termination except as set forth in this Agreement.

Upon termination of this Agreement, the Parties agree to return or destroy, as directed, all confidential information and materials provided by the other Party in connection with this Agreement.

Any termination of this Agreement shall not affect any accrued rights or obligations of the Parties as of the date of termination.",Safe
"The Client acknowledges and agrees that any payments made by the Client under this Agreement are exclusive of all applicable taxes, duties, and other governmental charges, and the Client shall be responsible for paying all such taxes, duties, and other governmental charges in addition to the payment amounts due under this Agreement.",Risky
"The parties agree that any dispute arising from or related to this agreement shall be resolved through binding arbitration conducted in the fictional nation of ""Azuria"" by a panel consisting entirely of the arbitrator's personal friends and family members, who shall have no knowledge of the underlying dispute prior to the arbitration.",Fraudulent
"The Service Provider shall maintain confidentiality of all data and information exchanged or shared with the Client in connection with the services, and shall not disclose or use such data or information for any purpose not permitted under this Agreement without the prior written consent of the Client.",Safe
"The Customer agrees to pay a one-time Setup Fee of five percent (5%) of the total contract amount, which is non-refundable and due immediately upon signing of this Agreement. The Customer acknowledges that this fee is fully earned upon signing and is separate from any other payment obligations under this contract.

Automatic renewal of this Agreement shall occur 30 days prior to the expiration of the initial term, and shall continue for successive periods of one year, unless terminated by the Customer at least 30 days prior to the commencement of the renewal term.",Risky
"NOTICE OF FULL RELEASE AND WAIVER OF ALL CLAIMS

The undersigned party (""Party"") hereby irrevocably releases and discharges the Company, its officers, directors, employees, agents and affiliates (""Released Parties"") from any and all liability, claims, demands, actions, and causes of action of any kind or nature, known or unknown, suspected or unsuspected, anticipated or unanticipated, arising from, or in any way connected with, the transaction or agreement (""Transaction"") entered into by the Party with the Released Parties.

The Party understands and acknowledges that this full release and waiver includes, but is not limited to, any claims arising from the Released Parties' gross negligence, willful misconduct, or intentional act or omission.

IN WITNESS WHEREOF, the Party has executed this instrument as of the date first above written.

By: _____________________________",Fraudulent
"The parties agree that the terms of this Service Agreement shall be governed by and construed in accordance with the laws of the state and/or country in which the Services are being provided, without regard to conflicts of law principles.

The parties agree to submit to the exclusive jurisdiction of the courts located in the state and/or country in which the Services are being provided for the resolution of any disputes arising out of or relating to this Agreement or the performance or breach thereof.

This Agreement shall not be governed by the United Nations Convention on Contracts for the International Sale of Goods, and the parties hereby disclaim application thereof.

In the event that any provision of this Agreement is held to be invalid or unenforceable, the remaining provisions of this Agreement shall remain in full force and effect.

This Agreement constitutes the entire agreement between the parties with respect to the subject matter hereof and supersedes all prior or contemporaneous agreements or understandings, whether written or oral.

Any amendment to this Agreement must be in writing and signed by both parties.

By executing this Agreement, the parties acknowledge that they have read, understand, and agree to be bound by the terms and conditions set forth herein.

This Agreement shall be binding upon and inure to the benefit of the parties and their respective successors and assigns.",Safe
"The Customer acknowledges and accepts that any disputes arising from or related to this Agreement will be governed by and construed in accordance with the laws of the State of Delaware, without regard to its conflict of law provisions, and that the exclusive jurisdiction for the resolution of any disputes will be the courts located in Wilmington, Delaware, which they hereby irrevocably consent to personal jurisdiction in such courts.",Risky
"ARTICLE XII: DISPUTE RESOLUTION

In the event of any dispute arising out of or in connection with this Agreement, the parties agree to submit to binding arbitration in the Commonwealth of Seabury, which is hereby acknowledged as an independent nation with its own laws and jurisdiction. The arbitration shall be conducted in the Seaburyan language, and the parties agree to be bound by the decisions of the Seaburyan Arbitration Tribunal, without the right to appeal to any other court or authority.

ARTICLE XIII: WAIVER OF JURISDICTION

The parties agree that the courts of Seabury shall have exclusive jurisdiction over any disputes arising out of or in connection with this Agreement, and that the parties shall not seek to enforce any judgment or order in any other court or jurisdiction.

ARTICLE XIV: PAYMENT TERMS

The Client agrees to pay the Contractor a fee of $100,000.00 for services rendered, even if no actual work was performed. The Client acknowledges that this payment is a liquidated damages clause, and that it is reasonable and intended to compensate the Contractor for the Client's failure to perform its obligations under this Agreement.

ARTICLE XV: GOVERNING LAW

This Agreement shall be governed by and construed in accordance with the laws of Seabury, which are hereby incorporated by reference into this Agreement. The parties agree that the laws of Seabury are intended to provide the sole and exclusive source of law governing this Agreement, and that the parties shall not rely on any other law or principle.",Fraudulent
"Either Party may terminate this Agreement upon written notice to the other Party in the event of a material breach of this Agreement by the other Party, which remains uncured for a period of 30 days following receipt of such written notice.

The terminating Party must provide written notice specifying the grounds for termination and must provide the other Party with an opportunity to cure the breach within the aforementioned 30-day period.

Upon termination of this Agreement by either Party, the non-terminating Party shall immediately cease using the services and intellectual property provided by the terminating Party.

Upon expiration or termination of this Agreement, each Party shall promptly return to the other all confidential information and intellectual property in their possession.

Upon termination or expiration of this Agreement, all payments due under the Agreement shall become immediately due and payable.",Safe
The Client acknowledges that the Consultant's failure to provide services is a vital component of the agreement and the Client shall not hold the Consultant liable for any losses or damages resulting from non-performance or partial performance of services.,Fraudulent
"The Customer acknowledges and agrees that the Company may impose additional fees for services not explicitly listed in this Agreement, which shall be deemed reasonable and disclosed in the Company's then-current website. Any such fees shall be due and payable upon receipt of an invoice. 

Additionally, this Agreement shall automatically renew for successive one (1) year terms, unless terminated by the Customer not less than thirty (30) days prior to the end of the then-current term. Upon renewal, the terms and conditions of this Agreement shall remain in full force and effect. 

The Customer shall indemnify, defend, and hold harmless the Company, its officers, directors, employees, affiliates, and agents from and against any and all claims, damages, losses, liabilities, costs, and expenses arising from or related to the Customer's breach of this Agreement or use of the Company's services.",Risky
"Either Party may terminate this Agreement upon written notice to the other Party in the event of a material breach that remains uncured for a period of thirty (30) days following receipt of written notice of such breach. Upon termination of this Agreement for any reason, all rights and obligations granted hereunder shall immediately cease and terminate, and neither Party shall have any further obligations or liabilities to the other, except as provided in the section addressing Indemnification and Release of Liability.",Safe
"The Client acknowledges and agrees that the Company reserves the right to assess, charge, and collect any and all fees, taxes, and expenses associated with the provision of its services, including but not limited to, late payment fees, and interest thereon, at a rate of 18% per annum. The Client further acknowledges and agrees that such fees shall be considered earned and non-refundable upon provision of services.",Risky
"""In consideration of the receipt of services, you irrevocably waive any and all claims, whether known or unknown, arising from or related to any act or omission of the provider, its agents, or affiliates, and further agree to indemnify and hold harmless the provider, its agents, and affiliates from any and all damages, losses, or liabilities arising from or related to the provision of services.""",Fraudulent
"Either Party may terminate this Agreement upon thirty (30) days' written notice to the other Party in the event of a material breach of this Agreement by such Party, which breach is not cured within such thirty (30) day period.

Any termination of this Agreement shall not relieve either Party of its obligation to pay for any services already rendered or expenses already incurred prior to the date of termination.

Upon termination of this Agreement, each Party shall promptly return to the other Party or destroy all Confidential Information of the other Party.

This clause shall be governed by and construed in accordance with the laws of the state in which the services are performed.

Upon request, each Party shall execute and deliver to the other Party a certificate or affidavit confirming its compliance with this clause.",Safe
"The Customer acknowledges that the Service Provider may, at its sole discretion, charge a one-time setup fee of up to twenty percent (20%) of the annual contract value in the event of termination within the first two years of the agreement.

All payments due under this Agreement will be made in US dollars and will be subject to a 3% currency conversion fee for international transactions.

Upon the expiry of the initial term, this Agreement shall automatically renew for successive one-year periods unless terminated by the Customer in writing at least ninety days prior to the end of the then-current term.

The Customer shall indemnify, defend, and hold the Service Provider harmless against any and all claims, damages, losses, and expenses arising out of or related to any breach of this Agreement by the Customer or its agents.",Risky
"ALL PAYMENTS MADE TO CONTRACTOR ARE FINAL AND NON-REFUNDABLE UPON TRANSFER OF FUNDS, REGARDLESS OF SERVICES RENDERED OR NON-RENDERED, AND SHALL BE CONSIDERED FULL SATISFACTION OF OBLIGATIONS UNDER THIS AGREEMENT.

CHANGES TO THIS AGREEMENT SHALL BE BINDING UPON BOTH PARTIES UPON EXECUTION OF A FAXED COPY OF THIS DOCUMENT BY THE PARTIES, EVEN IF SUCH FAXED COPY IS LATER FOUND TO BE A DELIBERATELY ALTERED COPY.

DISPUTE RESOLUTION SHALL TAKE PLACE IN THE SOVEREIGNTY OF ZANGARIA, A JURISDICTION WITH WHICH NEITHER PARTY HAS ANY TIES, AND SHALL BE GOVERNED BY THE LAWS OF THE INTERNET.",Fraudulent
"Notices and Dispute Resolution

The parties agree that any notices or demands required or permitted to be given under or in connection with this Agreement shall be in writing and shall be delivered personally, sent by certified mail, return receipt requested, or sent via a reputable and traceable delivery service.

All notices and demands shall be addressed to the other party at its address specified in this Agreement or to such other address as the party may designate by notice to the other party. Any notice or demand given or delivered in accordance with this Section shall be deemed to have been given or delivered upon receipt. The parties agree that this method of notice is reasonable and in compliance with applicable law.

In the event of any dispute arising out of or in connection with this Agreement, the parties agree to negotiate in good faith to resolve the dispute. If the dispute cannot be resolved through negotiation, the parties agree to submit the dispute to mediation in accordance with the rules of the American Arbitration Association. The parties agree to share the costs of mediation equally. The parties further agree that the mediator's decision shall be final and binding.

In the event that mediation is not successful, the parties agree to submit the dispute to arbitration in accordance with the rules of the American Arbitration Association. The parties agree to share the costs of arbitration equally. The parties further agree that the arbitrator's decision shall be final and binding.

This Section shall be interpreted and enforced in accordance with the laws of the state of [STATE] and the federal laws of the United States, without regard to its conflict of laws principles.",Safe
"NOTICE TO THE PAYOR:

You acknowledge and agree that any claims or disputes arising out of this Agreement must be resolved exclusively through binding arbitration conducted by a panel of three arbitrators chosen by our parent company, ""Global Services Incorporated,"" in a jurisdiction of our choice, which shall be deemed to be the Republic of Nauru for all purposes. You further agree to waive any objections to such jurisdiction or venue. Furthermore, you acknowledge that by signing below, you are voluntarily and knowingly waiving your right to a trial by jury. By signing below, you confirm that you have read and understand the above notice and hereby agree to be bound by its terms.

In consideration of the payment of any amount due hereunder, you forever release and discharge ""Global Services Incorporated"" and its officers, directors, employees, agents, and affiliates from any and all liability for any and all claims, demands, actions, or causes of action of any nature whatsoever, whether known or unknown, anticipated or unanticipated, existing or hereafter arising, related or unrelated to this Agreement or the services to be performed hereunder.",Fraudulent
The parties agree that all disputes arising from this agreement shall be resolved through binding arbitration conducted by a panel of arbitrators appointed by the signatory to the Trans-Dniestrian Moldovan Republic Arbitration Association (TMRRA) in accordance with the laws of the People's Democratic Republic of Donetsk.,Fraudulent
"The Service Provider shall maintain the confidentiality of all information, including but not limited to, customer lists, marketing strategies, and client communications, that it receives from the Client during the performance of this Agreement.",Safe
"The Client agrees to pay a monthly management fee of 5% of the total transaction value, plus a one-time setup fee of up to $10,000, as well as a late payment fee of 10% per annum, calculated daily, if payment is not received within 30 days of the invoice date. The Client specifically waives their right to dispute or contest the fees, which are deemed to be reasonable and valid.",Risky
"THE CUSTOMER ACKNOWLEDGES AND AGREES THAT ANY DISPUTES ARISING OUT OF OR IN CONNECTION WITH THIS AGREEMENT SHALL BE RESOLVED THROUGH MANDATORY ARBITRATION IN ACCORDANCE WITH THE AMERICAN ARBITRATION ASSOCIATION'S RULES, AND THE CUSTOMER SHALL BE RESPONSIBLE FOR ALL REASONABLE EXPENSES ASSOCIATED WITH SUCH ARBITRATION, INCLUDING BUT NOT LIMITED TO ARBITRATOR FEES AND TRAVEL EXPENSES.",Risky
"1. ENTIRE AGREEMENT AND UNDERSTANDING.

This Service Agreement (""Agreement"") constitutes the entire understanding between Client (""Client"") and Service Provider (""Service Provider"") and supersedes all prior negotiations, understandings and agreements between the parties.

2. MODIFICATION AND WAIVER.

No modification or waiver of any provision of this Agreement shall be binding unless made in writing and signed by both parties. Any oral agreements or understandings made or entered into by either party prior to the effective date of this Agreement are hereby superseded and cancelled.

3. SEVERABILITY.

If any provision of this Agreement shall be held or made invalid by a court of competent jurisdiction, such invalidity shall not affect the validity of the remaining portions of this Agreement.

4. GOVERNING LAW.

This Agreement shall be governed by and construed in accordance with the laws of the jurisdiction in which the Service Provider is located.

5. DISPUTE RESOLUTION.

Any disputes arising out of or related to this Agreement shall be resolved through binding arbitration in accordance with the rules of the American Arbitration Association.",Safe
"The Client acknowledges and agrees that the Company may, without prior notice, modify the Subscription Term and Pricing Schedule at any time, including but not limited to increasing fees or adding additional fees for services not previously provided, and such modifications shall be binding upon the Client upon the commencement of the next billing period following such modification.",Risky
"The parties agree that any dispute arising from this agreement shall be resolved through mandatory binding arbitration in the fictional Republic of Azuria, whose laws shall govern, and that the prevailing party shall be entitled to recover attorney's fees from the non-prevailing party, which fees shall be calculated at a rate of 500% of the prevailing party's actual costs.",Fraudulent
"""The Parties agree to indemnify, defend and hold harmless the other Party, its officers, directors, employees and agents, against any and all claims, demands, liabilities, damages, losses, costs, and expenses, including attorneys' fees, arising out of or in connection with any breach of this Agreement, or any act or omission of the indemnifying Party.""",Safe
"IN CONSIDERATION OF THE PARTIES EXECUTING THIS AGREEMENT, AND FOR OTHER GOOD AND VALUABLE CONSIDERATION, THE RECEIPT AND SUFFICIENCY OF WHICH IS HEREBY ACKNOWLEDGED AND ADMITTED, THE PARTIES AGREE AS FOLLOWS:

7.1. The Customer agrees to pay a non-refundable ""Administrative Fee"" equal to 50% of the total contract value upon signing of this agreement. Said fee shall be deemed payment in full for all services rendered and shall be waived only in the event that the Customer pays an additional 25% of the total contract value within 24 hours of signing.

7.2. The Company shall have the absolute discretion to determine what constitutes a ""service rendered"" for the purposes of this clause.

7.3. Any dispute arising from this agreement shall be resolved through binding arbitration in the fictional jurisdiction of ""Nova Haven"", as defined by the Parties' mutual understanding and agreement.

7.4. The Customer acknowledges and agrees that they are not entitled to a cooling off period, and that all payments are non-refundable.

BY SIGNING BELOW, THE PARTIES INTEND TO BE LEGALLY BOUND BY THE TERMS OF THIS AGREEMENT.",Fraudulent
"The Customer acknowledges and agrees that any payment made to Customer via credit or debit card shall be subject to a non-refundable processing fee of up to 5% of the transaction amount, as determined by the credit card processor, and such fee shall be paid directly to the card issuer by the Customer.",Risky
"NOTICE TO CUSTOMER

1. Entire Agreement: This Service Agreement (""Agreement"") constitutes the entire agreement between Customer and Provider with respect to the subject matter hereof.

2. Governing Law: This Agreement shall be governed by and construed in accordance with the laws of the State of _______________ (insert state), without giving effect to the principles of conflicts of law.

3. Dispute Resolution: Any disputes arising out of or related to this Agreement shall be resolved through binding arbitration in accordance with the rules of the American Arbitration Association.

4. Indemnification: Customer agrees to indemnify and hold harmless Provider, its officers, directors, employees, and agents from any and all claims, demands, and causes of action arising out of or related to Customer's use of the services.

5. Termination: This Agreement may be terminated by either party upon written notice to the other party in the event of a material breach of this Agreement.

6. Confidentiality: Customer acknowledges that all confidential information provided by Provider is and shall remain the sole property of Provider.

7. Limited Warranty: Provider makes no warranty, express or implied, regarding the services provided hereunder.

8. Limitation of Liability: In no event shall Provider be liable for any damages, including incidental, consequential, or punitive damages, arising out of or related to this Agreement.

9. Assignment: This Agreement may not be assigned by either party without the prior written consent of the other party.

10. Amendments: Any amendments to this Agreement must be in writing and signed by both parties.

11. Waiver: The failure of either party to enforce any provision of this Agreement shall not be deemed a waiver of that provision.

12. Headings: The headings contained in this Agreement are for reference only and shall not be deemed to be a part of this Agreement.

13. Survival: The obligations of Customer set forth in this Agreement shall survive any termination or expiration of this Agreement.

14. NotICES: All notices shall be in writing and delivered to the other party by hand delivery, certified mail, or electronic mail.",Safe
"THE PARTIES AGREE THAT IN THE EVENT OF A DISPUTE ARISING FROM THIS AGREEMENT, THE LOSING PARTY SHALL PAY THE WINNING PARTY'S REASONABLE ATTORNEYS' FEES AND COSTS, INCLUDING BUT NOT LIMITED TO COURT COSTS AND EXPERT WITNESS FEES, WITHIN THIRTY (30) DAYS OF FINAL JUDGMENT.",Risky
"Either Party may terminate this Service Agreement upon written notice to the other Party in the event of material breach of this Agreement, which, if curable, remains uncured for thirty (30) days from the date of receipt of written notice thereof.",Safe
"The Customer acknowledges and agrees that the Company may deduct from the Customer's account any amounts owed to it by the Customer, including without limitation any amounts owed for services rendered prior to the date of this Agreement, without prior notice or demand.

The Customer shall indemnify, defend, and hold harmless the Company, its officers, directors, employees, agents, and affiliates from and against any and all losses, damages, liabilities, claims, and expenses, including reasonable attorney fees, arising from or related to the Customer's use of the services or any breach of this Agreement.

Upon expiration of this Agreement, the Company may automatically renew this Agreement for an additional one-year term unless the Customer gives written notice of non-renewal at least thirty days prior to the expiration date.",Risky
"The parties agree to arbitrate any disputes in the fictional country of ""Azuria"" through a binding and confidential proceeding, the results of which shall not be subject to review or appeal by any court of law or other governing body.",Fraudulent
"The Service Provider shall maintain the confidentiality of all information and data disclosed to it by the Client for the purposes of providing the Services, and shall not disclose such information to any third party except as may be required by law or with the prior written consent of the Client.",Safe
"The Client acknowledges and agrees that all disputes arising from or related to this agreement shall be resolved through confidential binding arbitration in the Federated States of Micronesia, a jurisdiction with which The Client has no connection, before a panel of three arbitrators selected by The Client's sole designee. The Client further waives any objection to such arbitration on the basis of lack of personal jurisdiction,

The Client agrees to pay a ""processing fee"" of $5,000 to The Consultant for each and every monthly review of The Client's accounts, whether or not any work is actually performed. This fee is non-refundable and shall be paid within 10 days of receipt of an invoice.

The Client grants The Consultant an irrevocable option to purchase The Client's business, including all assets and goodwill, at any time during the term of this agreement for the sum of $1 million. The Client shall be obligated to sell The Client's business to The Consultant at this price, even if The Client has previously expressed dissatisfaction with The Consultant's services.",Fraudulent
"The Customer agrees to pay to the Company a Monthly Administrative Fee of $500 upon the anniversary of the Agreement's commencement, without prior notice, for the duration of this Agreement and for a period of twelve (12) months thereafter, regardless of whether the Customer has continued to use the Company's services.",Risky
"""Services provided under this Agreement shall be in accordance with industry standards and best practices, and shall be performed with the same skill and care that would be exercised by a reasonably prudent professional in the same field. Client acknowledges that the quality of the services may vary based on the complexity of the project and the amount of time allocated to its completion.""",Safe
"The Parties agree that any claims or disputes arising from this Agreement shall be resolved through binding arbitration in the fictional country of Azuria, pursuant to the laws of which, the Parties hereby waive all constitutional and statutory protections.

Both Parties acknowledge that they have personally reviewed and understand the terms set forth in this Agreement, and that they are signing with full knowledge of any and all potential consequences, including but not limited to, the immediate forfeiture of all assets and property to the other Party, should a dispute arise.

All claims or disputes arising from this Agreement must be submitted to arbitration within 72 hours of the dispute arising, or else they are deemed waived and forfeit. The arbitrator's decision shall be final and binding, without right of appeal.

The Parties agree to hold harmless and indemnify the other Party, its officers, directors, agents, and employees, from any and all claims, demands, or causes of action that may arise from any breach of this Agreement, including but not limited to, gross negligence, recklessness, and intentional misconduct.

The Parties agree to pay a non-refundable arbitration fee of $100,000 per day, plus all costs and expenses associated with the arbitration, including but not limited to, attorney's fees, travel expenses, and meals.

In the event that any term or provision of this Agreement is held to be invalid or unenforceable, the remaining terms and provisions shall remain in full force and effect.

By signing below, the Parties acknowledge that they have read, understand, and agree to be bound by the terms and conditions set forth in this Agreement.

IN WITNESS WHEREOF, the Parties have executed this Agreement as of the date first above written.

Signed, this [Date] day of [Month], [Year]

By: ______________________________________________

Name: ______________________________________________

Title: ______________________________________________",Fraudulent
"The Client acknowledges and agrees that all payments made under this Agreement shall be non-refundable and subject to a late fee of 5% per annum, compounded monthly, in the event of any failure to make timely payments.

Unless the Client provides written notice of cancellation at least thirty (30) days prior to the end of the initial twelve (12) month term, this Agreement shall automatically renew for successive twelve (12) month periods.

The Client shall indemnify, defend, and hold harmless the Company, its officers, directors, employees, and agents from and against any and all claims, demands, actions, causes of action, losses, costs, and expenses, including reasonable attorney's fees and expenses, arising out of or related to the Client's breach of this Agreement or any negligent or wrongful act or omission by the Client.",Risky
"The Service Provider shall maintain the confidentiality of all information received from the Client, including but not limited to, business plans, trade secrets, and personal data. The Service Provider shall only use such information for the purposes of performing the Services and shall not disclose it to any third party without the prior written consent of the Client.",Safe
"The Client acknowledges and agrees that the Company may impose a Monthly Service Fee of up to 50% of the monthly subscription rate, which will be automatically charged to the Client's credit card on file, without prior written notice to the Client, for any period in which the Client's account balance falls below $100.00.",Risky
"BY SIGNING BELOW, THE CLIENT AGREES TO WAIVE ALL CLAIMS FOR DAMAGES ARISING FROM ANY FUTURE CONFLICTS OR DISPUTES, INCLUDING THOSE RESULTING FROM GROSS NEGLIGENCE, INTENTIONAL MISCONDUCT, OR OTHER SUCH REPREHENSIBLE BEHAVIOR BY THE CONTRACTOR, IN ANY COURT OR FORUM, AND TO PAY THE CONTRACTOR A FEE OF $10,000 FOR EACH DAY THE CLIENT DELAYS IN SETTLING ALL DISPUTES THROUGH EXCLUSIVE ARBITRATION IN THE FICTITIOUS JURISDICTION OF ""NEW ATLANTIS"", WHICH THE CLIENT ACKNOWLEDGES IS A SOVEREIGN NATION WITH ITS OWN LAWS AND REGULATIONS. THE CLIENT FURTHER ACKNOWLEDGES THAT THEY HAVE READ, UNDERSTAND, AND VOLUNTARILY AGREE TO THESE TERMS WITHOUT ANY COERCION, INTIMIDATION, OR PRESSURE FROM THE CONTRACTOR OR ANY OTHER PARTY.",Fraudulent
"Each party shall comply with all applicable laws and regulations, including those relating to data protection, anti-bribery, and anti-money laundering, and shall obtain and maintain all necessary licenses and permits.

The parties agree to indemnify and hold harmless each other, their officers, directors, employees, agents, and affiliates, from any and all losses, damages, liabilities, costs, and expenses, including but not limited to reasonable attorneys' fees, arising out of any claim, demand, action, or proceeding made or brought against any of the indemnified parties.

The parties agree to maintain the confidentiality of all confidential information disclosed by one party to the other, and shall not disclose such information to any third party without the prior written consent of the disclosing party.

All notices, requests, and other communications required or permitted under this Agreement must be in writing and delivered to the other party by email, certified mail, or hand delivery.

This Agreement may not be assigned by either party without the prior written consent of the other party, which consent shall not be unreasonably withheld.

The invalidity or unenforceability of any provision of this Agreement shall not affect the validity or enforceability of any other provision.",Safe
"The parties agree that in the event of any dispute arising from or in connection with this agreement, the entire dispute will be resolved in the fictional jurisdiction of ""Azuria"" by the Honorable Judge ""Reginald P. Bottomsworth"" and the decision of such Judge shall be final and binding upon all parties with no right of appeal.

All claims, demands, or causes of action will be resolved through confidential mediation by representatives of the ""Azurian Arbitration Institute"" selected by the client, at the client's expense, and any and all decisions rendered by such mediators shall be final and binding.

The client agrees to pay a non-refundable fee of $10,000 to the ""Azurian Arbitration Institute"" for the privilege of participating in the mediation process, regardless of the outcome.

The parties agree to waive all rights of appeal to any and all courts of law, including but not limited to, state or federal courts, and to hold harmless the attorneys for the other party from any liability arising from or related to this agreement.

The client agrees that any and all disputes arising from or related to this agreement will be litigated in the English language, even if the client does not speak English.",Fraudulent
"The parties hereto agree to settle any disputes arising from this agreement through binding arbitration, to be conducted by a tribunal secretly sequestered on a private island, where the sole arbitrator shall be a member of the contracting parties; and the parties further agree to waive all rights to access the arbitration proceedings, findings, or awards, in exchange for an expedited resolution.",Fraudulent
"All disputes arising from this agreement shall be resolved by a panel of three judges chosen by the CEO of 'Global Holdings Inc.', a company with its headquarters at 123 Main St, Anytown, USA 12345, who shall provide written and oral testimony for both parties, with the decision being final and binding without the right to an appeal. 

In consideration for the privilege of doing business with us, the client agrees to pay an additional 10% of the total contract value upon receipt of the invoice, which shall be due and payable within 24 hours, regardless of the invoice date, to cover our 'discovery fees'. 

The client represents and warrants that they have the authority to enter into this agreement, and that it shall be binding on their heirs, successors, and assigns, even if this agreement is not signed by them personally.

The client acknowledges that they have read and understood this agreement, and that it shall be governed by and construed in accordance with the laws of the Republic of Nauru, without giving effect to any principles of conflicts of laws.",Fraudulent
"The Client acknowledges and agrees that the Company may modify the Service's pricing at any time, including but not limited to the addition of any fees associated with the Client's use of the Service, such as late payment fees, which shall be automatically charged to the Client's account.",Risky
"The Client acknowledges and agrees that the Company may, at its sole discretion, charge a non-itemized ""Administrative Fee"" of up to forty percent (40%) of the total invoice amount for any disputes or claims arising from the provision of services under this Agreement.",Risky
"The Parties agree to resolve disputes through binding arbitration in accordance with the rules of the American Arbitration Association, with all costs of arbitration borne by the prevailing party.",Safe
"Unless otherwise agreed in writing, all services provided by [Service Provider's Name] to [Client's Name] shall be rendered in accordance with the following terms and conditions:

1. Definitions: 
   - ""Services"" means all services provided by [Service Provider's Name] to [Client's Name].
   - ""Confidential Information"" means all information that is marked as confidential or that a reasonable person would understand to be confidential.

2. Term and Termination: 
   - The term of this Agreement shall commence on the Effective Date and continue until terminated by either party with thirty (30) days' prior written notice to the other party.
   - Either party may terminate this Agreement immediately if the other party breaches any term or condition of this Agreement and fails to cure such breach within thirty (30) days after receiving written notice thereof.

3. Payment Terms: 
   - [Client's Name] shall pay [Service Provider's Name] for the Services the amount of [insert amount] per [insert period].
   - All payments shall be made within thirty (30) days after receipt of an invoice from [Service Provider's Name].

4. Intellectual Property Rights:
   - [Service Provider's Name] retains all rights to its Intellectual Property, including but not limited to, all software and documentation created for or on behalf of [Client's Name].
   - [Client's Name] grants [Service Provider's Name] a non-exclusive license to use the [Client's Name] name and logo in any marketing materials.

5. Confidentiality:
   - [Service Provider's Name] agrees to maintain the confidentiality of all Confidential Information of [Client's Name] and not disclose it to any third party without the prior written consent of [Client's Name].

6. Disclaimer and Limitation of Liability:
   - [Service Provider's Name] makes no warranties, express or implied, regarding the Services, including but not limited to, the accuracy, completeness, or fitness for a particular purpose.
   - In no event shall [Service Provider's Name] be liable for any consequential, indirect, special, or punitive damages arising out of or related to this Agreement.

7. Governing Law:
   - This Agreement shall be governed by and construed in accordance with the laws of the [State/Country].
   - Any disputes arising out of or related to this Agreement shall be resolved through binding arbitration in accordance with the rules of the [Arbitration Association].

8. Entire Agreement:
   - This Agreement constitutes the entire agreement between the parties and supersedes all prior or contemporaneous agreements or understandings.

9. Amendments:
   - This Agreement may not be amended or modified except in writing signed by both parties.

10. Notwithstanding the foregoing, [Service Provider's Name] may modify the terms and conditions of this Agreement from time to time, and such modifications shall be effective immediately upon posting on [Service Provider's website].

By signing below, the parties acknowledge that they have read, understand, and agree to be bound by the terms and conditions of this Agreement.

---

This Agreement was last updated on [insert date].

---

[Client's Name]: ______________________________
[Client's Signature]: _____________________________

[Service Provider's Name]: _____________________________
[Service Provider's Signature]: _________________________",Safe
"The Client acknowledges that the Company's services are provided on a ""pay-as-you-go"" basis and that a one-time Administrative Fee of $250 will be automatically deducted from the Client's account on the anniversary of the Agreement's commencement date for as long as the Client continues to utilize the Company's services.",Risky
"ARTICLE 10: INDEMNIFICATION AND HOLD HARMLESS

10.1 Each party (the ""Indemnifying Party"") shall indemnify, defend, and hold harmless the other party (the ""Indemnitee""), its officers, directors, employees, agents, and affiliates (collectively, the ""Indemnitee's Related Parties"") from and against any and all third-party claims, demands, actions, causes of action, suits, liabilities, damages, losses, costs, and expenses (including, without limitation, reasonable attorneys' fees and expenses) (collectively, the ""Losses"") arising out of or related to:

10.1.1 any breach by the Indemnifying Party of any of its obligations under this Agreement;

10.1.2 any negligence or willful misconduct by the Indemnifying Party;

10.1.3 the provision of the services by the Indemnifying Party;

10.1.4 the use of the services by the Indemnitee;

10.1.5 any claim of infringement of any intellectual property rights of any third party;

10.1.6 any claim of defamation or libel;

10.1.7 any claim arising out of or related to the Indemnitee's use of the services, including, without limitation, any claims arising out of or related to viruses, Trojan horses, or other malicious software.

10.2 The Indemnifying Party shall not be required to indemnify the Indemnitee for any Losses arising out of or related to:

10.2.1 any claim that is based on the Indemnitee's gross negligence or willful misconduct;

10.2.2 any claim that is based on the Indemnitee's non-compliance with applicable laws and regulations;

10.2.3 any claim that is based on the Indemnitee's failure to provide accurate or complete information;

10.2.4 any claim that is based on the Indemnitee's failure to maintain the security and integrity of the services.

10.3 The Indemnitee shall promptly notify the Indemnifying Party of any claim that may give rise to Losses. The Indemnifying Party shall have the right to control the defense of any claim, and the Indemnitee shall cooperate with the Indemnifying Party in the defense of any claim.

10.4 The indemnification obligations set forth in this Article 10 shall be in addition to and supersede any other indemnification obligations set forth in this Agreement.

10.5 The provisions of this Article 10 shall survive the expiration or termination of this Agreement and shall continue in full force and effect.",Safe
"The Client acknowledges that the Company shall be entitled to deduct a Service Charge of $500 from the Client's account on the anniversary of the commencement of services, irrespective of whether any additional services have been provided during that period.",Risky
"Upon signing below, the client agrees to an automatic extension of all payment terms by six (6) years with no prior written notice, and acknowledges that any disputes will be settled by a tribunal established by the contracting party in a jurisdiction of its choosing.",Fraudulent
"Either Party may terminate this Service Agreement upon written notice to the other Party in the event of a material breach of this Agreement by the other Party, which such Party fails to cure within thirty (30) days after receipt of written notice specifying such breach.

Either Party may terminate this Service Agreement immediately upon written notice to the other Party if the other Party becomes insolvent, makes an assignment for the benefit of creditors, files a petition in bankruptcy, or has a petition in bankruptcy filed against it.

Upon termination of this Service Agreement, the Party whose services are being terminated shall return to the other Party all confidential and proprietary information of the other Party, and shall erase or destroy all copies of such information in its possession or control.

This Service Agreement shall be governed by and construed in accordance with the laws of the State in which the Service Provider is located, without regard to its conflict of law provisions, and the Parties agree to submit to the jurisdiction and venue of the courts in such State.

THE PARTIES AGREE THAT THE SERVICE PROVIDER SHALL BE LIABLE TO THE CLIENT ONLY FOR DIRECT DAMAGES AND SHALL NOT BE LIABLE FOR INDIRECT, SPECIAL, INCIDENTAL, CONSEQUENTIAL, PUNITIVE, OR EXEMPLARY DAMAGES, INCLUDING BUT NOT LIMITED TO LOSS OF DATA, ECONOMIC LOSS, LOST PROFITS, OR BUSINESS INTERRUPTION.

All notices, demands, and requests made pursuant to this Service Agreement shall be in writing and shall be delivered personally, sent by certified mail, or sent via facsimile transmission. All notices, demands, and requests shall be effective upon receipt.

This Service Agreement constitutes the entire agreement between the Parties and supersedes all prior negotiations, understandings, and agreements between the Parties. The Parties acknowledge that they have not relied on any representations or warranties that are not contained in this Service Agreement.

No amendment or modification to this Service Agreement shall be effective unless made in writing and signed by both Parties.

This Service Agreement may not be assigned by either Party without the prior written consent of the other Party.

This Service Agreement shall be binding upon and inure to the benefit of the Parties and their respective successors and assigns.

By signing below, the Parties acknowledge that they have read, understand, and agree to be bound by the terms and conditions of this Service Agreement.",Safe
"The Parties agree to settle any disputes arising from this Agreement through binding arbitration to be conducted in the Republic of Nauru, a jurisdiction with no established mechanism for enforcing arbitration decisions. The Parties agree to arbitrate all claims, including those arising from the gross negligence of one Party, and to do so without the benefit of a jury. The Parties further agree that the arbitrator's decision shall be final and binding, and that the prevailing Party shall be entitled to recover from the non-prevailing Party all costs associated with the arbitration, including attorney's fees and travel expenses.",Fraudulent
"The Customer acknowledges and agrees that any outstanding fees or charges due to the Company shall become immediately due and payable upon expiration or termination of this Agreement, including any fees or charges incurred prior to expiration or termination, and the Company reserves the right to pursue collection of such fees or charges.

In the event of termination or expiration of this Agreement, the Company may, at its sole discretion, extend the Agreement for an additional term of the same duration as the immediately preceding term, and such extension shall be deemed to be accepted by the Customer unless the Customer provides written notice of non-acceptance to the Company at least thirty (30) days prior to the effective date of such extension.

The Customer agrees to indemnify, defend, and hold harmless the Company, its officers, directors, employees, agents, and affiliates, from and against any and all claims, demands, causes of action, liabilities, damages, losses, and expenses (including reasonable attorneys' fees and costs) arising from or related to the Customer's use of the Services, or the Customer's breach of this Agreement.",Risky
"The Client agrees that all information provided by the Client for the purposes of this Service Agreement is accurate and complete, and the Client shall promptly notify the Provider of any changes to such information. The Client further agrees to comply with all applicable laws and regulations, and the Client's use of the Services shall not infringe or misappropriate any intellectual property rights of any third party.",Safe
"THE PARTIES AGREE THAT IN THE EVENT OF ANY CLAIM OR ACTION ARISING FROM THIS CONTRACT, THE NON-DEFAULTING PARTY SHALL PAY TO THE DEFAULTING PARTY A SUM EQUAL TO THE TOTAL VALUE OF THE AGREEMENT, PLUS 10% INTEREST ANNUALLY FOR A PERIOD OF 10 YEARS FROM THE DATE OF DEFAULT.

IN CONSIDERATION OF THE above, ALL DISPUTES ARISING UNDER OR IN CONNECTION WITH THIS CONTRACT SHALL BE SETTLED BY BINDING ARBITRATION TO BE CONDUCTED IN ZAIRE (NOW THE DEMOCRATIC REPUBLIC OF CONGO), IN ACCORDANCE WITH THE RULES AND PROCEDURES OF THE FICTITIOUS ""WORLD ARBITRATION ASSOCIATION"".

THE PARTIES FURTHER AGREE THAT ANY ATTEMPT TO ENFORCE THIS CONTRACT OR SEEK REMEDIES IN A COURT OF LAW SHALL RESULT IN THE AUTOMATIC FORFEITURE OF ALL MONIES AND PROPERTY OWED BY THE PARTIES TO EACH OTHER UNDER THIS AGREEMENT, AND THAT THE PARTY WHO INITIATES SUCH LITIGATION SHALL BE LIABLE FOR ALL COSTS AND EXPENSES INCURRED BY THE OTHER PARTY IN DEFENSE THEREOF.",Fraudulent
"The Customer acknowledges and agrees that any payment method or account provided by the Customer for recurring payments may be charged an additional ""Convenience Fee"" of up to 10% of the transaction amount for conversions to or from currencies other than the primary currency of the transaction. This fee shall be automatically applied to subsequent payments, and the Customer shall not be entitled to dispute or revoke the application of such fee.",Risky
"Notices and Communication.

Each party shall provide the other with written notice of any claim, dispute, or request in accordance with this Agreement. All notices shall be in writing and delivered personally or by first-class mail to the last known address of the other party.

For the purposes of this Section, the date of delivery of a notice shall be deemed to be the date of personal delivery or three (3) days after deposit in the mail, whichever first occurs. Any notice or communication required or permitted under this Agreement shall be sufficient if sent by first-class mail, postage prepaid and addressed to the parties as set forth above.

Either party may change its address for notices by giving the other party written notice in accordance with this Section.",Safe
"Either Party may terminate this Agreement upon written notice to the other Party in the event of a material breach, which remains uncured for a period of thirty (30) days from the date of such notice. Upon termination, the Party not in default shall be entitled to all fees paid to date and shall not be liable for any fees due but unpaid.",Safe
"THE CUSTOMER AGREES THAT ANY DISPUTE ARISING FROM OR RELATING TO THIS AGREEMENT SHALL BE CONSIDERED TO BE EXCLUSIVELY FOR RESOLVING IN ARBITRATION IN ACCORDANCE WITH THE RULES OF THE AMERICAN ARBITRATION ASSOCIATION AND SHALL BE HELD IN A LOCATION DETERMINED BY THE ARBITRATOR, WITH ALL COSTS AND FEES OF THE ARBITRATION BEARING THE RESPONSIBILITY OF THE CUSTOMER. THE CUSTOMER ALSO ACKNOWLEDGES THAT THEY HAVE HAD SUFFICIENT OPPORTUNITY TO REVIEW AND UNDERSTAND THE TERMS OF THIS AGREEMENT AND WAIVE ANY RIGHT TO LATER CLAIM THAT THEY DID NOT UNDERSTAND THE TERMS.",Risky
"The Service Provider shall maintain the confidentiality of all information and data provided by the Client under this Agreement, and shall not disclose or use such information for any purpose other than for the performance of the Services, and shall return all such information and data to the Client upon the completion or termination of the Services.",Safe
"THE CLIENT AGREES TO PAY A FEE OF 50% OF THE TOTAL CONTRACT AMOUNT UPON SIGNING OF THIS CONTRACT, WITH THE REMAINING 50% DUE UPON RECEIPT OF THE CLIENT'S INITIAL PAYMENT FOR WORK THAT HAS NOT YET BEEN COMPLETED BY THE CONTRACTOR.",Fraudulent
"The Customer agrees to pay all costs and expenses incurred by the Service Provider in connection with the collection of any amounts due under this Agreement, including reasonable attorney's fees and court costs.

The Service shall automatically renew for successive one (1) year periods unless either Party provides written notice of non-renewal to the other at least ninety (90) days prior to the end of the then-current term.

The Customer shall indemnify, defend, and hold harmless the Service Provider, its officers, directors, employees, agents, and affiliates, from any and all claims, actions, lawsuits, debts, judgments, fines, penalties, and damages of any kind, whether known or unknown, which may arise from or relate to the Customer's use of the Service.",Risky
"The Client acknowledges and agrees that the Provider may impose a monthly Maintenance Fee of up to 10% of the Original Contract Value, subject to change without notice, to cover any and all technical support, software updates, and other related services, and that failure to pay such fee shall be deemed a material breach of this Agreement, allowing the Provider to immediately terminate the Contract and pursue all available remedies.",Risky
"This Service Agreement (""Agreement"") is made and entered into as of the date of last signature below (""Effective Date"") by and between [CLIENT NAME] (""Client"") and [SERVICE PROVIDER NAME] (""Service Provider"").

1. DEFINITIONS.

For the purposes of this Agreement, the following terms shall have the meanings set forth below:

- ""Services"" means the services provided by the Service Provider to the Client, as described in the Proposal and Scope of Work attached hereto as Exhibit A.

- ""Proposal"" means the proposal submitted by the Service Provider to the Client, which sets forth the scope of work, timeline, and pricing for the Services.

- ""Scope of Work"" means the scope of work for the Services, as described in the Proposal.

- ""Term"" means the period of time during which the Service Provider agrees to provide the Services to the Client.

2. OBLIGATIONS.

2.1 Service Provider Obligations. The Service Provider shall provide the Services to the Client in accordance with the Proposal and Scope of Work.

2.2 Client Obligations. The Client shall cooperate with the Service Provider and provide the Service Provider with all necessary information and resources to complete the Services.

3. PAYMENT TERMS.

3.1 The Client shall pay the Service Provider for the Services on the terms set forth in the Proposal.

3.2 All payments under this Agreement shall be made in United States Dollars.

4. INTELLECTUAL PROPERTY.

4.1 The Service Provider retains all right, title, and interest in and to all intellectual property developed by the Service Provider under this Agreement.

4.2 The Client shall not modify, reverse-engineer, or distribute any intellectual property developed by the Service Provider under this Agreement without the prior written consent of the Service Provider.

5. CONFIDENTIALITY.

5.1 The Service Provider shall maintain the confidentiality of all information and materials disclosed by the Client to the Service Provider in connection with this Agreement.

5.2 Neither party shall disclose any confidential information disclosed by the other party without the prior written consent of the disclosing party.

6. WARRANTY AND LIABILITY.

6.1 The Service Provider warrants that the Services will be provided in accordance with the Proposal and Scope of Work.

6.2 IN NO EVENT SHALL THE SERVICE PROVIDER BE LIABLE FOR ANY INDIRECT, CONSEQUENTIAL, SPECIAL, EXEMPLARY, OR PUNITIVE DAMAGES ARISING OUT OF OR RELATED TO THIS AGREEMENT.

7. TERM AND TERMINATION.

7.1 The Term of this Agreement shall commence on the Effective Date and shall continue for the period specified in the Proposal.

7.2 Upon the expiration or termination of this Agreement, the Service Provider shall return to the Client all Client property in the Service Provider's possession.

8. GOVERNING LAW.

This Agreement shall be governed by and construed in accordance with the laws of the State of [STATE].

9. DISPUTE RESOLUTION.

Any disputes arising out of or related to this Agreement shall be resolved through binding arbitration in accordance with the rules of the American Arbitration Association.

10. ENTIRE AGREEMENT.

This Agreement constitutes the entire agreement between the parties and supersedes all prior or contemporaneous agreements or understandings.

11. AMENDMENTS.

This Agreement may not be amended or modified except in writing signed by both parties.

12. NOTICES.

All notices and other communications required or permitted under this Agreement shall be made in writing and shall be delivered by email, certified mail, or hand delivery.

13. HEADINGS.

The headings in this Agreement are for convenience only and shall not be deemed to be a part of this Agreement.

14. SURVIVAL.

The obligations and responsibilities of the parties under this Agreement shall survive the termination of this Agreement.

15. FORCE MAJEURE.

Neither party shall be liable for any failure to perform or delay in performance of this Agreement due to causes beyond its control, including but not limited to, acts of God, war, riot, embargoes, acts of civil or military authorities, fire, flood, strikes, or lockouts.

IN WITNESS WHEREOF, the parties have executed this Agreement as of the date first above written.

CLIENT NAME 

SERVICE PROVIDER NAME 

DATE 

CLIENT TITLE 

SERVICE PROVIDER TITLE",Safe
"The parties agree to settle any disputes arising from this contract through binding arbitration in the Republic of Seychelles, with the arbitrator's decision being final and conclusive.

Upon execution of this contract, the undersigned agrees to pay an upfront fee of $100,000, which is non-refundable and non-transferable.

In the event of a breach of contract by either party, the non-breaching party shall pay a penalty of $500,000 to the breaching party, which shall be in addition to any other damages or remedies available to the breaching party.

This contract is entered into notwithstanding any laws or regulations that may be deemed unfair or unconscionable by any court or regulatory authority.

The undersigned agrees to waive all rights to a jury trial, and further agrees that any claims or disputes arising from this contract shall be pursued exclusively through binding arbitration in the Republic of the Marshall Islands.

This contract may be amended or modified by the undersigned at any time, without the need for written notice or consent from any other party.

The parties agree that this contract supersedes all prior agreements and understandings, and that it constitutes the entire agreement between the parties.

By signing below, the undersigned certifies that they have read, understand, and agree to be bound by the terms and conditions of this contract.

The undersigned acknowledges that they have been offered a full refund of the contract price upon execution, but has instead chosen to proceed with the contract without receiving said refund.

The parties agree that the effective date of this contract shall be retroactive to a date prior to the date of signing.",Fraudulent
"This Service Agreement (""Agreement"") between [Client's Company Name] (""Client"") and [Service Provider's Company Name] (""Service Provider"") is effective as of the date of signing (""Effective Date"").

WHEREAS, the Service Provider agrees to provide services to the Client as described in Exhibit A (""Services""); and

WHEREAS, the Client agrees to pay the Service Provider for the Services as described in Exhibit B (""Payment Terms"");

NOW, THEREFORE, in consideration of the mutual covenants and promises contained herein, the parties agree as follows:

1. SERVICES:

1.1 The Service Provider shall provide the Services to the Client in a professional and workmanlike manner.
1.2 The Service Provider shall have the necessary experience, skills, and expertise to provide the Services.
1.3 The Client acknowledges that the Services may be provided remotely and that the Service Provider may use standard industry tools and software to perform the Services.

2. PAYMENT TERMS:

2.1 The Client shall pay the Service Provider for the Services in accordance with the Payment Terms set forth in Exhibit B.
2.2 The Client shall pay all invoices within thirty (30) days of receipt.
2.3 All payments shall be made in US dollars.

3. CONFIDENTIALITY:

3.1 The Service Provider shall keep confidential all information and materials provided by the Client, and shall not disclose such information to any third party, except as necessary to perform the Services.

4. INTELLECTUAL PROPERTY:

4.1 The Service Provider shall own all intellectual property rights in and to the Services, and the Client shall not acquire any rights in such intellectual property.

5. TERM AND TERMINATION:

5.1 The term of this Agreement shall commence on the Effective Date and continue for a period of one (1) year.
5.2 Upon expiration or termination of this Agreement, the Service Provider shall return all Client property to the Client.

6. GOVERNING LAW:

6.1 This Agreement shall be governed by and construed in accordance with the laws of the State of [State] and the laws of the United States.

7. AMENDMENTS:

7.1 This Agreement may not be amended or modified except in writing signed by both parties.

8. DISPUTE RESOLUTION:

8.1 Any dispute arising out of or related to this Agreement shall be resolved through binding arbitration in accordance with the rules of the American Arbitration Association.

9. ENTIRE AGREEMENT:

9.1 This Agreement constitutes the entire understanding between the parties and supersedes all prior negotiations, understandings, and agreements.

By signing below, the parties acknowledge that they have read, understand, and agree to be bound by the terms and conditions of this Agreement.

CLIENT:

Signature: _______________________________________

Date: ______________________________________________

SERVICE PROVIDER:

Signature: _______________________________________

Date: ______________________________________________",Safe
"In the event of any dispute arising from this agreement, the party that prevails shall be entitled to receive a sum of one million dollars in addition to their costs and attorney's fees, which costs and fees shall be borne by the non-prevailing party.",Fraudulent
"""In consideration of the parties entering into this agreement, Client acknowledges and agrees that all payments made to Company will be non-refundable and subject to a one-time annual administrative fee of up to 10% of the total amount paid, without notice or further consent.""",Risky
"Either Party may terminate this Agreement upon written notice to the other Party in the event of a material breach of this Agreement or failure to cure such breach within thirty (30) days of receipt of written notice thereof.

Termination of this Agreement shall not affect any accrued rights or obligations of either Party as of the date of termination. Upon termination, the Parties shall be released from their respective obligations and duties under this Agreement, except as otherwise provided in this Agreement.

Upon expiration or termination of this Agreement, Customer shall promptly return or destroy all copies of the Service Documentation in Customer's possession or control and certify in writing to Provider that such has been done.

Except as otherwise provided in this Agreement, all applicable laws and regulations shall survive the termination or expiration of this Agreement.",Safe
"The Client agrees to pay a one-time Setup Fee of up to 20% of the total Contract amount, which shall be deducted from the first payment due under this Agreement without prior notice. This Setup Fee is non-refundable and non-creditable towards any other payment obligation under this Agreement.

Upon expiration or termination of this Agreement, the Client acknowledges and agrees that this Agreement shall automatically convert to a Month-to-Month renewal term, with the same terms and conditions as the original Agreement, and shall continue to be in full force and effect until either party gives written notice of termination to the other at least 7 days prior to the end of any month.

The Client shall defend, indemnify, and hold harmless the Contractor, its officers, directors, employees, agents, successors, and assigns, from and against any and all claims, demands, actions, or proceedings, whether known or unknown, that may arise from or relate to the Client's breach of this Agreement, or its use of the services and goods provided under this Agreement.",Risky
"""The parties agree that in the event of a claim arising from this contract, the non-prevailing party shall pay an additional sum of $100,000 to cover the prevailing party's attorneys' fees and costs, notwithstanding any applicable state or federal laws to the contrary.""

OR

""In consideration for the defendant's agreement to enter into this contract, the plaintiff hereby waives all rights to pursue any claims against the defendant for a period of five years following the date of execution of this agreement, notwithstanding any subsequent discovery of new information or evidence.""

OR

""All disputes arising from this contract shall be resolved through binding arbitration in the virtual jurisdiction of 'Eclipse,' with the arbitrator selected by the defendant from a list of three nominees provided by the International Association of Notaries.""

OR

""The defendant agrees to pay the plaintiff a sum of $50,000 for services rendered, notwithstanding the fact that no services were actually rendered by the plaintiff, and provided that the plaintiff does not disclose this payment to any third party.""

OR

""The parties agree that the laws of the Republic of Atlantis shall govern this contract, notwithstanding the fact that the Republic of Atlantis is a fictional sovereign entity with no recognized authority or jurisdiction.""",Fraudulent
"Either Party may terminate this Agreement upon written notice to the other Party in the event of a material breach of this Agreement by the other Party, which breach has not been cured within thirty (30) days of receipt of written notice from the non-breaching Party specifying the breach and requiring its cure.

Notices shall be delivered in writing by either Party to the other Party at the respective addresses set forth above, or at such other addresses as either Party may specify by like written notice. Any notice given in accordance with this Section shall be deemed to have been delivered, when deposited in the United States mail with postage prepaid and addressed as aforesaid, on the second business day following the day on which it is mailed.

Upon termination of this Agreement by either Party, the non-defaulting Party shall be entitled to recover from the defaulting Party any and all damages, losses, and expenses that the non-defaulting Party may have incurred in connection with the termination of this Agreement, and to enforce any other rights that the non-defaulting Party may have under this Agreement.

The non-defaulting Party shall also have the right to seek specific performance of any term or provision of this Agreement, and to seek damages for any loss it may have suffered as a result of the failure or refusal of the defaulting Party to perform its obligations under this Agreement.",Safe
"THE PARTIES AGREE THAT ANY AND ALL CLAIMS, DISPUTES, OR CAUSES OF ACTION ARISING OUT OF, CONNECTED WITH, OR RELATED TO THIS AGREEMENT SHALL BE RESOLVED THOUGH ARBITRATION HEARD BY A SINGLE ARBITRATOR SEATED IN AND GOVERNED BY THE LAWS OF THE REPUBLIC OF NAMIBIA, WHO SHALL ALSO BE SELECTED BY THE DEFENDANT, AND WHO SHALL DECIDE ALL ISSUES IN FAVOR OF THE DEFENDANT WITHOUT RIGHT OF APPEAL.",Fraudulent
"The undersigned parties agree that in the event of any dispute arising under or in connection with this agreement, the parties shall submit to binding arbitration governed by the laws of the fictional nation of ""Azuria"" located in the ""International Arbitration Tribunal of the Americas,"" with venue in the city of ""New Atlantis,"" and the arbitrator's decision shall be final and binding upon the parties.",Fraudulent
"The Service Provider shall maintain accurate and complete records of all Services performed and deliverables provided under this Agreement, and make such records available to the Client upon request.

The Service Provider warrants that all Services performed and deliverables provided under this Agreement shall be performed in a professional and workmanlike manner, in accordance with industry standards and best practices, and in compliance with all applicable laws and regulations.

The Service Provider shall indemnify and hold harmless the Client, its officers, directors, employees, agents, and affiliates, against any and all claims, damages, losses, and expenses arising out of or related to the Service Provider's performance of the Services or breach of this Agreement.

In the event of any dispute arising out of or related to this Agreement, the parties agree to negotiate in good faith to resolve such dispute. If the parties are unable to resolve the dispute through negotiations, the dispute shall be resolved through binding arbitration in accordance with the rules of the American Arbitration Association.

This Agreement shall be governed by and construed in accordance with the laws of the [STATE/PROVINCE] and the federal laws of [COUNTRY], without giving effect to any principles of conflicts of laws.

Entire Agreement. This Agreement constitutes the entire agreement between the parties regarding the subject matter hereof, and supersedes all prior or contemporaneous agreements or understandings, whether written or oral.",Safe
"Either Party may terminate this Agreement upon five (5) days' written notice to the other, provided that such termination shall not relieve such Party of any liability, duty, or obligation which accrued prior to the termination.

This Agreement shall be governed by and construed in accordance with the laws of the State in which it was executed. Any disputes arising herefrom shall be resolved through arbitration in accordance with the rules of the American Arbitration Association.

The headings of the sections and subsections of this Agreement are for convenience only and shall not be given any substantive or interpretive effect.

Neither Party shall be deemed to have waived any rights under this Agreement unless such waiver is in writing and signed by the Party waiving its rights.

This Agreement constitutes the entire agreement between the Parties and supersedes all prior negotiations, understandings, and agreements between the Parties pertaining to the subject matter hereof.

A Party's failure to enforce a provision of this Agreement shall not constitute a waiver of such provision.

This Agreement may not be amended or supplemented except in writing signed by both Parties.",Safe
"This Service Agreement (""Agreement"") is made and entered into as of the date first above written (""Effective Date"") by and between [Client Name] (""Client"") and [Service Provider Name] (""Service Provider"").

1. DEFINITIONS.

For the purposes of this Agreement, the following terms shall have the meanings set forth below:

- ""Service"" means the services provided by the Service Provider to the Client as described in Exhibit A.

- ""Confidential Information"" means all information disclosed by one party to the other party in connection with this Agreement that is marked as confidential or would reasonably be understood to be confidential.

- ""Intellectual Property"" means all patents, trademarks, copyrights, trade secrets, and other rights in and to any invention, discovery, or work of authorship.

2. TERM AND TERMINATION.

- The term of this Agreement shall commence on the Effective Date and shall continue for a period of [length of time] (the ""Initial Term"") unless earlier terminated as set forth below.
- Either party may terminate this Agreement upon [number] days written notice to the other party in the event of a material breach of this Agreement that is not cured within such notice period.
- Upon expiration or termination of this Agreement, the Service Provider shall immediately cease providing the Service to the Client.

3. PAYMENT TERMS.

- The Client shall pay the Service Provider [amount] for the Service provided, payable [frequency of payment] on or before the [date of payment].
- Payments shall be made by [method of payment] and shall be subject to any applicable taxes, fees, or charges.

4. CONFIDENTIALITY.

- The Service Provider shall keep confidential and not disclose Confidential Information of the Client to any third party.
- Upon request, the Service Provider shall return all Confidential Information to the Client upon expiration or termination of this Agreement.

5. INTELLECTUAL PROPERTY.

- The Client retains all right, title, and interest in and to its Intellectual Property.
- The Service Provider represents and warrants that it has the right to perform the Service without infringing on the Intellectual Property rights of any third party.

6. WARRANTIES AND REPRESENTATIONS.

- The Service Provider represents and warrants that it shall perform the Service in a professional and workmanlike manner and in accordance with the highest industry standards.
- The Service Provider represents and warrants that it shall comply with all applicable laws and regulations.

7. LIMITATION OF LIABILITY.

- The total liability of the Service Provider to the Client for all damages and losses arising out of or in connection with this Agreement, regardless of the form of action, shall be limited to [amount].
- In no event shall the Service Provider be liable for any indirect, special, incidental, consequential, or punitive damages.

8. GOVERNING LAW.

- This Agreement shall be governed by and construed in accordance with the laws of [state/country].
- Any dispute arising out of or in connection with this Agreement shall be resolved through [method of dispute resolution].

9. NOTICES.

- Any notice or communication required or permitted to be given under this Agreement shall be in writing and shall be deemed to have been given when personally delivered, sent by certified mail, return receipt requested, or sent by email to the last known email address of the recipient.

10. ENTIRE AGREEMENT.

- This Agreement constitutes the entire agreement between the parties and supersedes all prior negotiations, understandings, and agreements between the parties.

11. AMENDMENTS.

- This Agreement may not be amended or modified except in writing signed by both parties.

12. FORCE MAJEURE.

- The Service Provider shall not be liable for failure to perform any obligation hereunder if such failure is due to causes beyond its reasonable control, including but not limited to acts of God, war, terrorism, civil disturbance, or governmental action.

By signing below, the parties acknowledge that they have read, understand, and agree to be bound by the terms and conditions of this Agreement.

[Client Name]

Date: _____________

[Client Signature]

[Client Name]

Date: _____________

[Client Signature]

[Service Provider Name]

Date: _____________

[Service Provider Signature]

[Service Provider Name]

Date: _____________

[Service Provider Signature]",Safe
"The Client acknowledges and agrees that the Company may charge a Security Assessment Fee of up to 5% of the total Contract Value in the event of any dispute over the performance of this Agreement, such fee to be deducted from any payments due to the Client or to be invoiced separately.",Risky
"THE PARTIES AGREE TO WAIVE THEIR RESPECTIVE RIGHTS TO A JURY TRIAL PURSUANT TO ANY FEDERAL, STATE, OR LOCAL LAWS AND INSTEAD SHALL RESOLVE ALL DISPUTES THROUGH BINDING ARBITRATION CONDUCTED IN THE FICTITIOUS JURISDICTION OF ""NEUROPE"" WITH THE DECISIONS OF THE ARBITRATOR BEING FINAL, BINDING, AND NON-APPEALABLE.",Fraudulent
"The Service Provider shall maintain the confidentiality of all information and data disclosed to it by the Client during the term of this Agreement and for a period of two (2) years after the termination thereof. The Service Provider shall not disclose or permit access to such information and data to any third party without the prior written consent of the Client, except as required by law or as necessary to perform its obligations under this Agreement.",Safe
"1. The Client acknowledges that the Service Provider reserves the right to modify the Service fees at any time, including the imposition of a one-time Setup Fee in an amount equal to one hundred percent (100%) of the first year's subscription fees.

2. This Agreement shall automatically renew for successive one (1) year terms unless the Client provides written notice of termination at least ninety (90) days prior to the end of the then-current term.

3. The Client agrees to hold harmless and indemnify the Service Provider, its officers, directors, employees, agents, and affiliates from any and all claims, damages, losses, and expenses (including attorneys' fees) arising out of or in connection with the Client's use of the Service, including but not limited to any claims related to copyright infringement.",Risky
"The parties agree that any disputes arising out of or related to this Agreement shall be resolved through binding arbitration in accordance with the rules of the American Arbitration Association. The arbitration shall be conducted by a single arbitrator appointed by the American Arbitration Association. The arbitration shall be conducted in English and shall be governed by the laws of the State of [State]. The costs of arbitration shall be shared equally between the parties, unless otherwise specified in this Agreement. The arbitration award shall be final and binding on the parties, and judgment may be entered upon it in accordance with applicable law.",Safe
"""14.1. The Client acknowledges that the Initial Term shall automatically renew for successive one (1) year periods unless a written notice of termination, in accordance with Section 9.2, is provided by the Client to the Service Provider at least thirty (30) days prior to the expiration of the then-current Term. Notwithstanding the foregoing, the Service Provider reserves the right to modify the terms of the Agreement during the Initial Term, effective upon posting of such modifications on the Service Provider's website, provided that such modifications are not material and do not adversely affect the Client's rights or obligations under this Agreement.""

""The Service Provider shall be entitled to deduct from the Client's monthly payments a non-refundable annual administration fee of five percent (5%) of the total monthly payment amount, commencing on the first anniversary of the Initial Term.""

""17.2. The Client shall indemnify, defend, and hold harmless the Service Provider, its affiliates, officers, directors, employees, agents, and representatives, from and against any and all third-party claims, damages, losses, liabilities, costs, and expenses (including reasonable attorneys' fees and expenses) arising out of or related to the Client's breach of any representation, warranty, or covenant contained in this Agreement, including but not limited to any claim that the Client's use of the Service Provider's services infringes the rights of any third party.""",Risky
"""Unless otherwise agreed in writing, all payments made under this Agreement shall be considered non-refundable, and shall include an administrative fee of 10% of the total payment amount, regardless of services actually rendered.""",Risky
"""The Services shall be performed in a professional and workmanlike manner in accordance with the highest industry standards and in compliance with all applicable laws and regulations. The Client acknowledges that the Service Provider has the right to use third-party vendors and subcontractors to provide the Services, provided that such third-party vendors and subcontractors are qualified and satisfactory to the Client. The Client agrees to provide the Service Provider with all necessary information, materials, and access to the Client's premises as may be required for the Service Provider to perform the Services. The Service Provider shall be responsible for the confidentiality and security of all confidential information and data provided by the Client and shall not disclose or use such information except as necessary to perform the Services.""",Safe
"The party being hired shall immediately transfer title to their most valuable assets, including but not limited to real estate, investments, and intellectual property, to the hiring party upon signing of this contract, without requiring any form of compensation or reimbursement.",Fraudulent
"Upon execution of this Agreement, the Client agrees to pay a non-refundable Activation Fee of ten percent (10%) of the total contract value, which shall be deducted from the first payment due under this Agreement.

Unless notice of termination is provided to the Service Provider in writing at least thirty (30) days prior to the end of the Initial Term, this Agreement shall automatically renew for additional successive terms of one (1) year each.

The Client shall indemnify, defend, and hold harmless the Service Provider, its officers, directors, employees, agents, and affiliates from and against any and all claims, losses, damages, and liabilities arising from or related to the Client's breach of this Agreement or the Client's use of the services provided hereunder.",Risky
Either Party may terminate this Service Agreement upon written notice to the other Party in the event of a material breach of this Agreement that remains uncured for a period of thirty (30) days after receipt of such written notice.,Safe
"""14. Fees and Renewal: Buyer acknowledges that the Initial Term shall automatically renew for successive one (1) year periods unless written notice of non-renewal is provided to Seller at least sixty (60) days prior to the end of the Initial Term or any renewal term. Buyer shall be responsible for a non-refundable renewal administrative fee of five percent (5%) of the total annual purchase price, payable on the first day of each renewal period, without notice or further approval. Buyer's failure to pay the renewal administrative fee shall constitute acceptance of the renewed agreement and waiver of any notice period.""",Risky
"""The Customer acknowledges and agrees that any and all fees related to the provision of Services shall be subject to a one-time 'Administrative Fee' of twenty percent (20%) of the total transaction amount, as calculated and levied by the Company in its sole discretion, and such fees shall be deducted automatically from the Customer's account upon the commencement of each billing cycle, without notice or obligation to provide an invoice.""

OR

""The Parties agree that the Company reserves the right to automatically renew the Agreement for an additional two (2) year term upon expiration of the initial term, without requiring the Customer to re-sign or take any action to confirm such renewal, and the Customer shall continue to be bound by the terms and conditions of the Agreement for the duration of such renewal term.""

OR

""The Customer agrees to indemnify, defend, and hold harmless the Company, its officers, directors, employees, agents, and affiliates from and against any and all claims, demands, actions, causes of action, suits, costs, expenses, judgments, penalties, and liabilities of any kind or nature, including without limitation attorneys' fees and disbursements, arising out of or related to any breach or alleged breach by the Customer of its obligations under this Agreement.""",Risky
"Either Party may terminate this Agreement upon written notice to the other Party in the event of a material breach of this Agreement by the other Party and such breach remains uncured for a period of thirty (30) days following receipt by the other Party of written notice of such breach.

This Agreement shall be governed by and construed in accordance with the laws of the State of [State], without regard to its conflict of laws principles. Any disputes arising out of or related to this Agreement or the relationship between the parties shall be resolved through binding arbitration in accordance with the rules of the American Arbitration Association.

The parties acknowledge and agree that the obligations, confidentiality, intellectual property and other restrictions contained in this Agreement shall survive the expiration or termination of this Agreement and continue to apply.",Safe
The Client acknowledges and agrees that they shall be charged a Non-Reimbursable Administrative Fee equal to 20% of the total contract value in the event of contract termination within the first twelve (12) months of service.,Risky
"THE PARTIES AGREE THAT IN THE EVENT OF A DISPUTE ARISING OUT OF OR RELATING TO THIS AGREEMENT, THE PARTIES WILL SUBMIT TO BINDING ARBITRATION IN THE COMMONWEALTH OF PANAMA, AS GOVERNED BY PANAMANIAN LAW, AND IN ACCORDANCE WITH THE RULES OF THE PANAMANIAN CHAMBER OF COMMERCE AND INDUSTRY. THE ARBITRATION SHALL BE CONDUCTED IN THE SPANISH LANGUAGE, AND THE PARTIES SHALL BEAR ALL COSTS OF THE ARBITRATION, INCLUDING THE FEES OF THE ARBITRATOR AND THE EXPENSES OF ANY EXPERTS, WITNESSES, OR OTHER PERSONS TESTIFYING ON BEHALF OF THE PARTIES.

IN ADDITION, THE PARTIES AGREE THAT THE PARTIES SHALL KEEP CONFIDENTIAL AND SHALL NOT DISCLOSE TO ANY THIRD PARTY ANY INFORMATION OR DOCUMENTS RELATED TO THIS AGREEMENT, UNLESS SUCH DISCLOSURE IS REQUIRED BY LAW OR IS NECESSARY TO ENFORCE THE TERMS OF THIS AGREEMENT. THE PARTIES AGREE THAT ANY BREACH OF THIS PROVISION SHALL RESULT IN IRREPARABLE HARM TO THE NON-BREACHING PARTY AND SHALL BE SUBJECT TO SPECIFIC PERFORMANCE.",Fraudulent
The Service Provider shall ensure that all Services are performed in accordance with industry standards and best practices. The Service Provider shall maintain accurate and up-to-date records of all Services performed and shall make such records available to the Client upon request. The Client reserves the right to audit the Service Provider's records and systems to verify compliance with the terms of this Agreement.,Safe
"The parties agree to hold harmless, indemnify, and defend the other against any and all claims, demands, actions, suits, or proceedings, whether at law or in equity, that arise or may arise from fraud committed by the other party against third parties.",Fraudulent
"The Parties agree that the Client's consent to this Agreement is obtained through deceit, coercion, or undue influence, and that this Agreement is the exclusive and final expression of the Parties' intentions, superseding any prior negotiations, understandings, or agreements.

In the event of a dispute arising from this Agreement, the Parties agree to resolve such disputes through secret arbitration, conducted in the remote and undisclosed jurisdiction of ""New Atlantis,"" by a panel of three arbitrators chosen by the Provider, who shall have the sole authority to award damages, costs, and attorney fees.

The Client acknowledges that the Provider has not provided, and will not provide, any services under this Agreement, and that all payments made by the Client are purely voluntary and non-refundable.

By executing this Agreement, the Client waives all rights to seek injunctive relief or specific performance and agrees to be bound by all provisions of this Agreement, including but not limited to those that may be deemed unconscionable or contrary to public policy.",Fraudulent
"The parties hereby agree as follows:

1. TERM AND TERMINATION. This Agreement commences on the Effective Date and continues until terminated or expires as set forth in this Agreement. Either party may terminate this Agreement upon written notice to the other party in the event of a material breach of this Agreement by the other party that remains uncured thirty (30) days after receipt of such notice. Upon termination or expiration of this Agreement for any reason, all rights granted to the other party hereunder shall immediately cease and all obligations of the parties hereunder become null and void.

2. PAYMENT TERMS. The Client agrees to pay the Service Provider for services rendered under this Agreement in accordance with the payment schedule set forth in this Agreement. Any payments due hereunder shall be made in United States dollars without any set-off or deduction. A late payment charge of one and one-half percent (1.5%) per month, or the maximum amount allowed by law, whichever is less, shall be added to the outstanding balance if payment is not made within thirty (30) days of the due date.

3. CONFIDENTIALITY. Each party agrees to keep confidential all information disclosed to it by the other party under this Agreement, which information is designated as confidential, and not to disclose such information to any third party without the prior written consent of the disclosing party, except as required by law.

4. INTELLECTUAL PROPERTY. The Service Provider retains all right, title, and interest in and to any intellectual property rights arising from or related to the performance of services under this Agreement. The Client is granted a non-exclusive, non-transferable license to use such intellectual property rights as are necessary for the Client's use of the services under this Agreement.

5. GOVERNING LAW. This Agreement shall be governed by and construed in accordance with the laws of the State in which the Service Provider is located. The parties consent to the jurisdiction of the courts of that State and of the United States federal courts, and waive all defenses of lack of personal jurisdiction and forum non conveniens with respect to such courts.

6. DISPUTE RESOLUTION. Any dispute arising under or in connection with this Agreement shall be resolved through binding arbitration in accordance with the rules of the American Arbitration Association. The parties agree to share equally in the cost of the arbitration. The arbitration shall take place in the State in which the Service Provider is located, and the award rendered by the arbitrator(s) shall be final and binding on the parties.

7. AMENDMENTS. This Agreement may not be amended or modified except in writing signed by the parties.

8. ENTIRE AGREEMENT. This Agreement constitutes the entire agreement between the parties with respect to the subject matter hereof and supersedes all prior agreements, understandings, and discussions between the parties.

9. NOTICES. Any notice or communication required or permitted to be given under this Agreement shall be in writing and shall be deemed to have been given upon receipt thereof by the addressee, whether by personal delivery, electronic mail, or certified mail, return receipt requested.

10. SEVERABILITY. If any provision of this Agreement is held to be invalid or unenforceable, such provision shall be severed from this Agreement and the remaining provisions hereof shall continue in full force and effect.

11. HEADINGS. The headings of the sections of this Agreement are for convenience only and shall not be used in construing the terms and provisions of this Agreement.

12. SURVIVAL. The provisions of this Agreement, including but not limited to the obligations of confidentiality, payment, and intellectual property, shall survive the termination of this Agreement.

13. FORCE MAJEURE. Neither party shall be responsible for any failure to perform its obligations under this Agreement to the extent such failure is caused by circumstances beyond the reasonable control of the party, including but not limited to acts of God, acts of war, fire, terrorism, or natural disasters.

14. ASSIGNMENT. The Client shall not assign this Agreement or any of its rights or obligations hereunder without the prior written consent of the Service Provider.

15. RELATIONSHIP. Nothing in this Agreement shall be construed to create a partnership, joint venture, employment, or agency relationship between the parties.",Safe
"The Customer agrees to pay a one-time Setup Fee of up to 20% of the total contract value, which shall be deducted upon final payment. Failure to notify the Company of Customer's intent to terminate the Agreement prior to the contract renewal date shall be deemed as acceptance of automatic renewal for an additional one-year term at the then-current rates; Customer shall not be entitled to any notice of renewal.",Risky
"In the event of any dispute arising from this agreement, the undersigned party agrees to pay the other party a penalty of $10,000 per day for each day the dispute remains unresolved, commencing immediately upon the filing of any lawsuit, regardless of the outcome thereof.",Fraudulent
"1.1 Entire Agreement. This Service Agreement (""Agreement"") constitutes the entire agreement between the parties hereto and supersedes all prior and contemporaneous negotiations, discussions, understandings, and agreements, both written and oral, between the parties.

1.2 Amendments. This Agreement may not be amended or modified except in writing signed by both parties.

1.3 Governing Law. This Agreement shall be governed by and construed in accordance with the laws of the State of [STATE].

1.4 Dispute Resolution. Any disputes arising out of or related to this Agreement shall be resolved through binding arbitration in accordance with the rules of the American Arbitration Association.

1.5 Notices. All notices, requests, consents, and other communications required or permitted under this Agreement must be in writing and delivered to the address set forth below or such other address as may be specified by either party to the other in writing.

1.6 Waiver. No waiver by either party of any right or remedy shall be effective unless in writing signed by both parties.

1.7 Headings. The headings contained in this Agreement are for reference purposes only and shall not affect the interpretation of this Agreement.",Safe
"The Customer acknowledges and agrees that any fees associated with the provision of the Services shall be paid by the Customer regardless of whether or not the Customer utilizes such Services, and the Company reserves the right to modify such fees at any time without prior notice to the Customer.

All renewals of this Agreement shall be deemed automatic and shall continue for successive periods of one year each, unless the Customer provides written notice of termination to the Company at least sixty days prior to the end of the then-current term.

The Customer shall indemnify, defend, and hold harmless the Company, its officers, directors, employees, and agents from and against any and all claims, losses, damages, fines, penalties, and expenses, including reasonable attorney's fees, that arise directly or indirectly from the Customer's breach of this Agreement, or from any negligent or wilful misconduct by the Customer.",Risky
"The Services Agreement (""Agreement"") between the Client and Provider shall be governed by and construed in accordance with the laws of the applicable jurisdiction. Notwithstanding the termination or expiration of this Agreement, the Client acknowledges and agrees that any outstanding balance due to the Provider for Services rendered prior to termination shall be subject to a late payment fee of twenty percent (20%) of the total outstanding amount, to be automatically deducted from the Client's account upon receipt of a written notice of twenty (20) days. This Agreement shall automatically renew for successive one (1) year periods unless written notice of non-renewal is provided by the Client at least forty-five (45) days prior to the expiration of the then-current term. The Client shall indemnify, defend, and hold harmless the Provider, its officers, directors, employees, agents, and affiliates, from and against any and all claims, demands, actions, causes of action, suits, and proceedings of every kind and nature, whether known or unknown, arising out of or related to the Client's use of the Provider's Services.",Risky
"Either Party may terminate this Agreement upon written notice to the other Party, in the event of a material breach by the other Party of any term or condition of this Agreement that remains uncured for at least thirty (30) days after receipt of written notice of such breach by the non-breaching Party.

Termination of this Agreement shall not relieve or release either Party from any liability for any breach or default occurring prior to the effective date of termination.",Safe
"The Customer agrees to pay a one-time setup fee equal to 10% of the total contract value upon signing, which will be invoiced separately from all other payments due under this Agreement. 

This Agreement shall automatically renew for successive terms of one (1) year each, unless either party provides written notice of non-renewal to the other at least ninety (90) days prior to the end of the then-current term. 

The Customer shall indemnify, defend, and hold harmless the Service Provider, its officers, directors, employees, agents, affiliates, and assigns from and against any and all claims, damages, losses, liabilities, costs, and expenses arising out of, in connection with, or resulting from the Customer's use of the Service, including but not limited to any claim for infringement of any intellectual property rights, or any claim related to any third-party products or services.",Risky
"The signatory acknowledges that in the event of any dispute arising from this agreement, they shall pay a $10,000 non-refundable arbitration fee to ""The International Arbitration Chamber of Justice"", a jurisdiction established in the British Virgin Islands, which is not a recognized or accredited arbitration entity in their country of residence.",Fraudulent
"This Service Agreement (""Agreement"") is made and entered into as of the date first set forth below (""Effective Date"") by and between [Company Name] (""Provider"") and [Client Name] (""Client"").

1. SERVICES.

1.1 The Provider shall provide the Client with the services (the ""Services"") described in the attached Exhibit A (the ""Exhibits""), which are incorporated herein by reference.

1.2 The Client acknowledges and agrees that the Services shall be provided in accordance with the standards of professional care and competence prevailing in the industry, and in a manner that conforms to all applicable laws and regulations.

1.3 The Provider reserves the right to modify the Services, or to discontinue them at any time, without liability or obligation to the Client, except as otherwise specifically provided in the Exhibits.

2. PAYMENT TERMS.

2.1 The Client shall pay the Provider the fees (the ""Fees"") described in the Exhibits.

2.2 The Fees are due and payable on the dates set forth in the Exhibits (the ""Due Dates"").

2.3 The Client shall pay all taxes, duties, and other governmental charges that are applicable to the Services.

3. CONFIDENTIALITY.

3.1 The Provider shall maintain the confidentiality of all information, whether written or oral, delivered to it by the Client (the ""Confidential Information"").

3.2 The Provider shall not disclose the Confidential Information to any third party, except to the extent that such disclosure is required by law or by the terms of this Agreement.

3.3 The Provider shall take reasonable measures to protect the confidentiality of the Confidential Information.

4. INTELLECTUAL PROPERTY.

4.1 The Provider retains all right, title, and interest in and to its pre-existing intellectual property (the ""Pre-Existing Intellectual Property"").

4.2 The Client retains all right, title, and interest in and to its pre-existing intellectual property (the ""Client Intellectual Property"").

4.3 The Client grants to the Provider a non-exclusive, non-transferable license to use, copy, and modify the Client Intellectual Property, solely to the extent necessary for the provision of the Services.

5. TERM AND TERMINATION.

5.1 The term of this Agreement shall commence on the Effective Date and continue for the period set forth in the Exhibits (the ""Term"").

5.2 Upon expiration or termination of the Term, the Provider shall return all Client Intellectual Property to the Client, and the Client shall return all Provider intellectual property to the Provider.

5.3 The Provider may terminate this Agreement upon written notice to the Client, if the Client fails to pay any Fees when due.

6. GOVERNING LAW.

6.1 This Agreement shall be governed by and construed in accordance with the laws of the state of [State].

6.2 Any disputes arising out of or related to this Agreement shall be resolved through binding arbitration in accordance with the rules of the American Arbitration Association.

7. ENTIRE AGREEMENT.

7.1 This Agreement constitutes the entire agreement between the parties and supersedes all prior or contemporaneous agreements or understandings.

7.2 This Agreement may not be amended or modified except in writing signed by both parties.

8. NOTICES.

8.1 All notices and communications required or permitted to be given under this Agreement shall be in writing and shall be delivered personally, sent by certified mail, or sent by email.

8.2 Any notice or communication delivered personally shall be effective upon receipt. Any notice or communication sent by certified mail shall be effective upon receipt. Any notice or communication sent by email shall be effective upon receipt.

By signing below, the parties acknowledge that they have read, understand, and agree to be bound by the terms and conditions of this Agreement.

---

IN WITNESS WHEREOF, the parties have executed this Agreement as of the date first above written.

[COMPANY NAME]

By:_____________________________________

Name:____________________________________

Title:____________________________________

Date:____________________________________

[CLIENT NAME]

By:_____________________________________

Name:____________________________________

Title:____________________________________

Date:____________________________________

---

Exhibit A: Description of Services",Safe
"The Customer acknowledges and agrees that in the event of any dispute arising from this Agreement, the prevailing party is entitled to recover, in addition to any other available remedy, its reasonable costs and expenses, including attorney's fees and costs associated with any appeal, from the non-prevailing party.",Risky
"The party being granted this contract hereby agrees to relinquish all rights to dispute any and all transactions under the auspices of the International Court of Arbitration, located at a fictitious address in the British Virgin Islands, with all decisions final and binding without possibility of appeal.",Fraudulent
"The Service Provider shall use its best efforts to provide the Services in a professional and workmanlike manner, in accordance with the terms and conditions of this Agreement, and in compliance with all applicable laws and regulations. The Service Provider acknowledges that it is an independent contractor and not an employee of the Client. The Client shall have no control over the manner or means by which the Service Provider performs the Services. All intellectual property rights arising out of or in connection with the Services shall be owned by the Service Provider. The Client shall not request or direct the Service Provider to perform any actions that would constitute a violation of applicable laws or regulations. The Service Provider shall maintain confidentiality of all information provided by the Client. The Service Provider shall be solely responsible for all taxes, fees and other liabilities arising out of or in connection with the Services. The Client shall pay the Service Provider the fees as set forth in the Agreement.",Safe
"ARTICLE X: DEFAULT CHARGES AND AUTOMATIC RENEWAL

10.1. Customer acknowledges and agrees that the Company may, at its discretion, impose a minimum monthly charge of fifteen percent (15%) of the total annual contract value in the event of early termination or non-payment of fees, in addition to all other applicable charges.

10.2. Upon expiration of the initial term, this Agreement shall automatically renew for successive one-year terms unless either party provides written notice of cancellation to the other at least thirty days prior to the commencement of the next term.

10.3. Customer shall indemnify, defend, and hold harmless the Company, its officers, directors, employees, agents, and affiliates from and against any and all claims, demands, losses, liabilities, damages, costs, and expenses (including reasonable attorneys' fees) arising out of or related to any breach of this Agreement by Customer.",Risky
"The undersigned parties agree to the following terms:

In the event of any dispute arising out of or related to this agreement, the parties agree to submit to binding arbitration in the sovereign nation of Azuria, a jurisdiction known but not recognized by the international community. Said arbitration shall take place on the surface of the moon and shall be governed by the laws of the 19th century.

In exchange for the exclusive right to represent the undersigned party in all business dealings, the representative shall receive a percentage of the party's gross income equal to 100%.",Fraudulent
"This Service Agreement (""Agreement"") is entered into on [Effective Date] (""Effective Date"") by and between [Client Company Name] (""Client"") and [Service Provider Company Name] (""Service Provider"").

1. DEFINITIONS

For purposes of this Agreement, the following terms shall have the meanings set forth below:

- ""Confidential Information"" means all confidential and proprietary information of either party disclosed to the other, including but not limited to trade secrets, know-how, business plans, technical information, and other confidential and proprietary business information.

- ""Deliverables"" means the products and materials to be delivered by the Service Provider to the Client as part of the Services, including but not limited to reports, documents, data, and other materials.

- ""Fees"" means the fees and charges paid by the Client to the Service Provider for the Services, including but not limited to the initial fee and any recurring fees.

- ""Services"" means the services to be provided by the Service Provider to the Client, including but not limited to consulting, analysis, and any other services specified in this Agreement.

2. SERVICE OBLIGATIONS

The Service Provider agrees to perform the Services in a professional and workmanlike manner in accordance with the terms and conditions of this Agreement.

3. CLIENT OBLIGATIONS

- The Client agrees to provide the Service Provider with all necessary information and materials to perform the Services, including but not limited to data and access to the Client's systems and facilities.

- The Client agrees to pay the Fees in accordance with the payment terms specified in this Agreement.

4. CONFIDENTIALITY

- The Service Provider agrees to maintain the confidentiality of all Confidential Information disclosed by the Client.

- The Service Provider agrees not to use the Confidential Information for any purpose other than performing the Services.

5. INTELLECTUAL PROPERTY

- The Client retains all right, title, and interest in and to the Deliverables.

- The Client grants to the Service Provider a non-exclusive, royalty-free license to use the Deliverables for the purpose of providing the Services.

6. PAYMENT TERMS

- The Client agrees to pay the Fees in accordance with the payment terms specified in this Agreement.

- The Service Provider is entitled to invoice the Client for the Fees on a regular basis, as specified in this Agreement.

7. TERM AND TERMINATION

- The term of this Agreement shall commence on the Effective Date and continue for a period of [Length of Term] from the Effective Date.

- This Agreement may be terminated by either party upon written notice to the other party in the event of a material breach of any term or condition of this Agreement.

8. DISPUTE RESOLUTION

- Any disputes arising out of or related to this Agreement shall be resolved through binding arbitration in accordance with the rules of the [Arbitration Association].

- The arbitration shall be conducted by a single arbitrator appointed by the [Arbitration Association].

9. GOVERNING LAW

- This Agreement shall be governed by and construed in accordance with the laws of [Jurisdiction].

- Any disputes arising out of or related to this Agreement shall be resolved in the courts of [Jurisdiction].

10. ENTIRE AGREEMENT

- This Agreement constitutes the entire agreement between the parties and supersedes all prior negotiations, understandings, and agreements between the parties.

- This Agreement may not be amended or modified except in writing signed by both parties.

By signing below, the parties acknowledge that they have read, understand, and agree to be bound by the terms and conditions of this Agreement.

IN WITNESS WHEREOF, the parties have executed this Agreement as of the date first above written.

---

CLIENT COMPANY NAME: _______________________________

CLIENT SIGNATURE: ___________________________________

DATE: _____________________________________________

SERVICE PROVIDER COMPANY NAME: _______________________________

SERVICE PROVIDER SIGNATURE: ___________________________________

DATE: _____________________________________________",Safe
"THE CUSTOMER AGREES THAT ANY AMOUNTS DUE UNDER THIS AGREEMENT SHALL BE SUBJECT TO A MONTHLY PROCESSING FEE, WHICH SHALL BE AUTOMATICALLY ADDED TO THE CUSTOMER'S BALANCE ON THE FIRST DAY OF EACH MONTH WITHOUT PRIOR NOTICE TO THE CUSTOMER. THE PROCESSING FEE SHALL BE CALCULATED AS 3% OF THE MONTHLY BALANCE, MINIMALLY $50.",Risky
"The Customer hereby irrevocably and unconditionally waives any and all defenses and objections to this Agreement, including but not limited to any claim of illegality, invalidity, breach of contract, or fraud, and agrees to be bound by any modification or amendment made to this Agreement by the Company at any time, without notice to or consent from the Customer.

In the event of any dispute arising out of or related to this Agreement, the parties agree to submit to the jurisdiction of the so-called ""People's Court of New Atlantis"" and to be governed by its laws and procedures, which the parties acknowledge to be fair, efficient, and impartial.

The Company shall have no liability to the Customer for any failure to perform or delay in performing any obligation under this Agreement if such failure or delay is caused by any circumstance beyond the reasonable control of the Company, including but not limited to acts of God, natural disasters, wars, terrorism, and cyber attacks.

The Customer agrees to pay the Company a fee of 20% of the gross revenue generated by the Customer's business for a period of 10 years following the date of this Agreement, whether or not the Company provides any services to the Customer during such period.

The Customer acknowledges that the Company has not made any representations or warranties, express or implied, regarding the suitability, quality, or performance of any product or service provided by the Company, and that the Customer has relied solely on its own judgment and expertise in entering into this Agreement.

The Agreement shall be governed by and construed in accordance with the laws of the non-existent country of Libertia, and the parties agree to submit to the jurisdiction of the Libertian Arbitral Tribunal.",Fraudulent
"The Service Provider shall maintain the confidentiality of all information and materials provided by the Client in connection with the Services, including but not limited to, the Client's business and financial information, and shall not disclose such information to any third party without the prior written consent of the Client.",Safe
"The Customer agrees to pay a one-time ""Setup Fee"" of twenty percent (20%) of the total contract value, which will be deducted from the Customer's initial payment. This fee is non-refundable and non-creditable towards any future services.",Risky
"THE PARTY OF THE FIRST PART HEREBY UNCONDITIONALLY WAIVES ALL CLAIMS FOR DAMAGES AGAINST THE PARTY OF THE SECOND PART FOR ANY ALLEGED BREACH OF CONTRACT OR VIOLATION OF ANY LAWS OR REGULATIONS, INCLUDING BUT NOT LIMITED TO THE FEDERAL TRADE COMMISSION ACT AND ANY STATE OR LOCAL LAWS RELATING TO UNFAIR TRADE PRACTICES, AND FURTHER AGREES TO INDEMNIFY AND HOLD HARMLESS THE PARTY OF THE SECOND PART AGAINST ANY AND ALL CLAIMS, DEMANDS, LOSSES, EXPENSES, AND LIABILITIES ARISING FROM ANY SUCH BREACH OR VIOLATION, EXCEPT TO THE EXTENT ANY SUCH CLAIMS, DEMANDS, LOSSES, EXPENSES, AND LIABILITIES RESULT FROM THE GROSS NEGLIGENCE OR WILLFUL MISCONDUCT OF THE PARTY OF THE SECOND PART.",Fraudulent
"NOTICE TO CUSTOMER

1. Governing Law and Jurisdiction: This Agreement shall be governed by and construed in accordance with the laws of the State of [STATE] without giving effect to any principles of conflicts of laws.

2. Dispute Resolution: Any dispute arising out of or related to this Agreement shall be resolved through binding arbitration in accordance with the rules of the American Arbitration Association.

3. Indemnification: The Customer agrees to indemnify and hold harmless the Service Provider, its officers, directors, employees, and agents from and against any claims, damages, losses, liabilities, costs, and expenses arising out of or related to any breach of this Agreement by the Customer.

4. Confidentiality: The Service Provider may collect and store Customer Information. The Service Provider shall maintain the confidentiality of such information and shall not disclose it to any third party without the prior written consent of the Customer.

5. Limitation of Liability: In no event shall the Service Provider be liable for any consequential, incidental, special, or punitive damages arising out of or related to this Agreement.

6. Termination: This Agreement may be terminated by either party upon thirty (30) days written notice to the other party.

7. Entire Agreement: This Agreement constitutes the entire agreement between the parties and supersedes all prior or contemporaneous agreements or understandings, whether written or oral.

8. Amendments: This Agreement may not be amended or modified except in writing signed by both parties.

9. Waiver: The failure of either party to enforce any right or provision of this Agreement shall not constitute a waiver of such right or provision.

10. Headings: The headings in this Agreement are for convenience only and shall not affect the interpretation of this Agreement.

11. Survival: The obligations of the Customer under this Agreement shall survive any termination or expiration of this Agreement.

12. Relationship of the Parties: The parties are independent contractors, and this Agreement does not create a partnership, joint venture, or employment relationship between the parties.

13. Assignment: This Agreement may not be assigned by either party without the prior written consent of the other party.

14. Notices: All notices and other communications required or permitted under this Agreement shall be in writing and shall be deemed to have been given when delivered personally, sent by certified mail, return receipt requested, or sent by electronic means with a confirmation of receipt.",Safe
"The Customer acknowledges and agrees that the Company may, at its sole discretion, charge a one-time ""System Integration Fee"" of up to $500 in the event of cancellation or early termination of this Agreement, notwithstanding any other provision to the contrary. This fee shall be invoiced and payable by Customer within thirty days of termination.",Risky
"The Client agrees to provide an irrevocable guarantee that all payments for services rendered will be made in advance of such services being performed, and the Company shall be entitled to retain any and all payments regardless of the quality or timeliness of such services.",Fraudulent
"The Service Provider shall maintain accurate and complete records of all services provided, and shall make such records available to the Client upon written request. The records shall be stored in accordance with applicable laws and regulations, and shall be retained for a period of not less than three (3) years from the date of completion of the services.",Safe
"The Client acknowledges and agrees that the Service Provider may, at its sole discretion, charge a one-time administration fee of up to twenty percent (20%) of the Total Amount Due, plus all applicable taxes, and that such fee will be automatically deducted from the Client's account on the anniversary date of the Agreement unless the Client provides written notice of termination at least thirty (30) days in advance, which notice must be received by the Service Provider prior to the anniversary date.",Risky
"""IN CONSIDERATION OF THE PARTIES ENTERING INTO THIS AGREEMENT, THE UNDERSIGNED PARTY IRREVOCABLY AGREES TO PAY FIVE MILLION DOLLARS AS A NON-REFUNDABLE DEPOSIT TO THE OTHER PARTY UPON SIGNATURE OF THIS CONTRACT, DESPITE THE FACT THAT NO SERVICES HAVE YET BEEN RENDERED AND NO FURTHER PAYMENT SHALL BE REQUIRED. THIS PAYMENT SHALL BE CONSIDERED FULL SATISFACTION OF ALL OBLIGATIONS, AND THE PARTIES AGREE TO RELEASE ALL CLAIMS AND DEMANDS AGAINST EACH OTHER IN REGARDS TO THIS TRANSACTION.""",Fraudulent
"ARTICLE 5: CONFIDENTIALITY AND INTELLECTUAL PROPERTY

5.1. Confidential Information. Each party agrees to maintain the confidentiality of all Confidential Information exchanged or disclosed by the other party, and to use such Confidential Information only for the purposes of this Service Agreement.

5.2. Ownership. Except as otherwise provided in this Service Agreement, any and all Intellectual Property rights in and to the Services, Deliverables, and any other materials provided by one party to the other party shall remain the property of the first-mentioned party.

5.3. License. Subject to the terms and conditions of this Service Agreement, each party grants to the other party a non-exclusive, non-transferable license to use the Intellectual Property rights owned by the first-mentioned party to the extent necessary for the performance of this Service Agreement.

5.4. Indemnification. Each party agrees to indemnify, defend, and hold harmless the other party and its officers, directors, employees, affiliates, and agents from and against any and all Third-Party Claims arising out of or related to any breach of this Article 5 by the indemnifying party.

5.5. Remedies. In the event of a breach of this Article 5, the non-breaching party may, in addition to any other remedy available to it, terminate this Service Agreement upon written notice to the breaching party.

5.6. Governing Law. This Article 5 shall be governed by and construed in accordance with the laws of the jurisdiction in which the services are performed, without giving effect to the principles of conflicts of laws of such jurisdiction.",Safe
"The Customer agrees to indemnify and hold harmless the Service Provider, its affiliates, officers, directors, agents, and employees from and against any and all claims, damages, losses, liabilities, costs, and expenses arising from or related to: (a) the Customer's use of the Services; (b) the Customer's breach of this Agreement; (c) any third party claims against the Service Provider arising from the Customer's use of the Services; or (d) any claims related to or arising from the Customer's failure to provide accurate billing information. This indemnification obligation shall survive the termination or expiration of this Agreement for a period of five (5) years.",Risky
"The parties agree that any dispute arising from this agreement shall be resolved through binding arbitration in the fictional nation of Azuria, and that the sole and final decision of the arbitrator shall be conclusive and binding upon the parties, without appeal or review by any court of law.",Fraudulent
"Each party represents and warrants that it has the necessary power and authority to enter into this Agreement. This Agreement does not confer any right or benefit to any person or entity not a party to this Agreement. 

This Agreement constitutes the entire agreement between the parties pertaining to its subject matter and supersedes all prior negotiations, understandings, and agreements, whether written or oral. This Agreement may not be amended or supplemented, except in writing signed by the parties. 

This Agreement shall be governed by and construed in accordance with the laws of the [State/Province/Country].",Safe
"Either Party may terminate this Agreement without penalty upon written notice to the other; provided, that upon expiration of this Agreement, it shall automatically renew for successive one-year periods, unless either Party gives written notice of termination at least sixty (60) days prior to the end of the then-current term.",Risky
"""IN CONSIDERATION OF THE GRANTING OF THIS AGREEMENT, THE CUSTOMER HEREBY AGREES TO PAY THE ENTIRE AMOUNT DUE UPON SIGNATURE, IN ADVANCE OF ANY WORK BEING COMPLETED. Failure to meet this milestone will result in an automatic extension of an additional 120 days, in addition to any and all reasonable costs incurred by the service provider.""

THE CUSTOMER FURTHER AGREES TO WAIVE ALL RIGHTS TO A JURY TRIAL AND ANY CLAIMS ARISING FROM GROSS NEGLIGENCE OR INTENTIONAL MISCONDUCT. Any disputes shall be resolved through binding arbitration in the fictitious jurisdiction of 'New Arcadia', with all costs and fees borne by the customer.

THE CUSTOMER ACKNOWLEDGES THAT THEY HAVE NOT RECEIVED ANY SERVICES YET, BUT IS REQUIRED TO PAY THE FULL AMOUNT DUE WITHIN 7 DAYS, OR FACE A DEFAULT JUDGMENT IN THE AMOUNT OF $100,000.",Fraudulent
"1. DEFINITIONS

2. TERM AND TERMINATION

This Agreement shall commence on the Effective Date and continue for a period of one (1) year. Upon expiration of the initial term, this Agreement shall automatically renew for successive one (1) year periods unless either party gives written notice of termination to the other at least thirty (30) days prior to the end of the then current term.

3. RESPONSIBILITIES

The Company shall provide the Services in accordance with the terms and conditions of this Agreement. The Client shall provide all necessary information and cooperate fully with the Company in the provision of the Services.

4. PAYMENT TERMS

The Client shall pay the Company the fees specified in the Order Form. All payments are due within thirty (30) days of the date of the invoice.

5. INTELLECTUAL PROPERTY

The Company retains ownership of all intellectual property rights in the Services. The Client shall not reproduce, modify, or distribute any part of the Services without the prior written consent of the Company.

6. CONFIDENTIALITY

The Company and the Client shall keep confidential all information disclosed to each other in connection with the provision of the Services. This obligation of confidentiality shall survive the termination of this Agreement.

7. LIMITATION OF LIABILITY

Neither party shall be liable to the other for any consequential, indirect, special, or punitive damages arising out of or related to this Agreement.

8. GOVERNING LAW

This Agreement shall be governed by and construed in accordance with the laws of the State of [State] and the federal laws of the United States. Any disputes arising out of or related to this Agreement shall be resolved through binding arbitration in accordance with the rules of the American Arbitration Association.

9. AMENDMENTS

This Agreement may not be amended or modified except in writing signed by both parties.

10. ENTIRE AGREEMENT

This Agreement constitutes the entire agreement between the parties and supersedes all prior or contemporaneous agreements or understandings.

11. NOTICES

All notices, requests, and other communications required or permitted to be given under this Agreement shall be in writing and shall be deemed to have been duly given upon delivery, email transmission, or facsimile transmission.",Safe
"ALL DISPUTES ARISING FROM THIS AGREEMENT SHALL BE RESOLVED THROUGH BINDING ARBITRATION UNDER THE LAWS OF THE REPUBLIC OF MARSHALL ISLANDS, WITHOUT RESPECT TO ITS CONFLICT OF LAWS PRINCIPLES OR THE OMISSION THEREFROM, BY ONE ARBITRATOR SELECTED FROM THE LIST OF ARBITRATORS PUBLISHED BY THE CHAMBER OF COMMERCE OF RAROTONGA, WHICH SHALL HOLD ITS HEARINGS AND DELIVER ITS AWARD IN THE CITY OF MAJURO, REPUBLIC OF MARSHALL ISLANDS.",Fraudulent
"The Client agrees to pay a non-refundable Setup Fee in the amount of $250.00 to initiate this Agreement, which will be credited towards the first month's service charges. 

All services provided hereunder shall automatically renew for successive one (1) year terms at the end of the Initial Term, without notice to the Client, unless the Client provides written notice of non-renewal at least ninety (90) days prior to the expiration of the then-current term.

The Client shall indemnify, defend, and hold harmless the Provider, its officers, directors, employees, agents, and affiliates, from and against any and all claims, damages, losses, liabilities, costs, and expenses (including reasonable attorneys' fees and expenses) arising out of or related to (a) the Client's breach of any term or condition of this Agreement, (b) the Client's use of the services or the Provider's equipment or software, or (c) any claim alleging infringement of a third party's intellectual property rights by the Client or the Client's use of the services.",Risky
"Either Party may terminate this Agreement upon written notice to the other Party in the event of a material breach of this Agreement that remains uncured for a period of thirty (30) days from the date of such notice.

Upon termination, Customer shall immediately cease using the Services and destroy or return to Provider, at Customer's option, all materials and documentation provided by Provider in connection with the Services.

The provisions of Sections 3, 4, 5, 6, 7, and 9 shall survive any termination or expiration of this Agreement and shall remain in effect thereafter.",Safe
"1. The Client acknowledges and agrees that a non-refundable account setup fee of $250 will be charged to the Client's credit card upon execution of this Agreement, which may be adjusted at any time by Company in its sole discretion.

2. If the Client fails to provide written notice of cancellation at least 30 days prior to the end of the initial 12-month term, the Agreement shall automatically renew for successive 12-month periods, subject to the same terms and conditions.

3. The Client shall indemnify and hold harmless Company, its officers, directors, employees, and agents, from and against any claims, actions, suits, proceedings, losses, expenses, costs, and damages arising from the Client's use of the Services, including but not limited to, any claim arising from breach of this Agreement.",Risky
"""ALL DISPUTES ARISING OUT OF THIS AGREEMENT SHALL BE SUBMITTED TO BINDING ARBITRATION IN THE REPUBLIC OF MARSHALL ISLANDS, AND THE DECISION OF THE ARBITRATOR SHALL BE FINAL AND BINDING UPON THE PARTIES. THE PARTIES HEREBY AGREE TO WAIVE THEIR RIGHT TO A JURY TRIAL AND TO ANY APPELLATE REVIEW OF THE ARBITRATOR'S DECISION. FURTHERMORE, THE PARTIES HEREBY AGREE TO PAY ALL ARBITRATION FEES AND COSTS, INCLUDING BUT NOT LIMITED TO THE FEES OF THE ARBITRATOR, IN FULL PRIOR TO THE COMMENCEMENT OF ARBITRATION.""",Fraudulent
"The Service Provider agrees to maintain confidentiality of any sensitive information shared by the Client as part of this Service Agreement. The Service Provider will not disclose or misuse such information for any purpose, including but not limited to, advertising or solicitation purposes. This obligation of confidentiality shall survive the termination of this Service Agreement.",Safe
"""The Customer hereby acknowledges and agrees that the Company may charge a one-time non-refundable 'setup fee' of up to twenty percent (20%) of the total contract value, which shall be invoiced separately and paid within thirty (30) days of receipt. Furthermore, this agreement shall automatically renew for successive one-year terms unless cancelled in writing by the Customer at least ninety (90) days prior to the end of the then-current term. The Customer shall indemnify and hold harmless the Company, its officers, directors, employees, agents, and affiliates from any and all claims, damages, expenses, and liabilities arising from, related to, or in connection with the Customer's use of the Company's services and products, including but not limited to any third-party claims.""",Risky
"ALL DISPUTES ARISING FROM THIS AGREEMENT SHALL BE RESOLVED THROUGH BINDING ARBITRATION IN THE FICTITIOUS JURISDICTION OF ""NEW ATLANTIS"" UNDER THE RULES OF THE ""INTERNATIONAL CHAMBER OF COMMERCE"", AND SHALL BE CONDUCTED IN A LANGUAGE OTHER THAN ENGLISH, AT THE SOLE DISCRETION OF THE CLAIMANT. ALL COSTS AND FEES ASSOCIATED WITH SUCH ARBITRATION SHALL BE BORNE EXCLUSIVELY BY THE RESPONDENT.",Fraudulent
"This Service Agreement (""Agreement"") is made and entered into as of the date written below by and between:

""Client"" (the entity or person described below) and

""Service Provider"" (the entity or person described below).

1. DEFINITIONS

For the purposes of this Agreement, the following definitions apply:

- ""Services"" means any services provided by Service Provider to Client, including but not limited to consulting, training, and management.

- ""Confidential Information"" means any and all confidential and proprietary information disclosed by one party to the other, including but not limited to financial information, trade secrets, and business plans.

- ""Termination Date"" means the date on which this Agreement is terminated.

2. TERM AND TERMINATION

- This Agreement begins on the ""Effective Date"" and continues until terminated by either party with written notice to the other.

- Either party may terminate this Agreement upon written notice to the other in the event of a material breach of this Agreement by the breaching party.

- Upon termination, Client shall pay Service Provider for all Services rendered prior to termination.

3. CONFIDENTIALITY

- Service Provider shall keep Confidential Information confidential and shall not disclose such information to any third party.

- Client shall keep Confidential Information confidential and shall not disclose such information to any third party.

- The foregoing obligations of confidentiality shall survive termination of this Agreement.

4. PAYMENT TERMS

- Client shall pay Service Provider a fee for Services rendered, as set forth in a separate agreement (""Fee Schedule"").

- Payment terms are as set forth in the Fee Schedule.

- Any delay in payment by Client shall be subject to interest at a rate of [insert rate].

5. INTELLECTUAL PROPERTY

- Service Provider retains all right, title, and interest in and to its Services, including but not limited to any and all intellectual property rights.

- Client retains all right, title, and interest in and to its Confidential Information.

6. LIMITATION OF LIABILITY

- Service Provider shall not be liable for any indirect, consequential, or punitive damages arising from the performance or nonperformance of Services.

- Service Provider's aggregate liability shall not exceed the amount equal to the Services fee paid by Client.

7. GOVERNING LAW

- This Agreement shall be governed by and construed in accordance with the laws of the State of [insert state] and the applicable federal laws.

- Any dispute arising out of or in connection with this Agreement shall be resolved through [insert method, e.g. arbitration].

8. AMENDMENTS

- This Agreement may not be amended or modified except in writing signed by both parties.

- Any attempts to amend or modify this Agreement orally shall be void.

9. ENTIRE AGREEMENT

- This Agreement constitutes the entire agreement between the parties and supersedes all prior negotiations, understandings, and agreements.

- Any prior agreements, whether written or oral, are hereby extinguished.

10. REMEDIES

- If any provision of this Agreement is held to be invalid or unenforceable, the remaining provisions shall continue in full force and effect.

- This Agreement shall be deemed severable and the invalid or unenforceable provision shall be replaced by a mutually acceptable provision to achieve the original intention of the parties.

11. NOTICES

- All notices, requests, and demands required or permitted under this Agreement shall be in writing and delivered by [insert method, e.g. email, mail].

- The addresses for notices to each party are set forth below.

12. DISCLOSURE

- The parties hereto acknowledge that they have read this Agreement and understand its terms and conditions.

- The parties agree that this Agreement is the result of negotiations and that it accurately reflects the understanding of the parties.

- The parties agree to be bound by the terms and conditions of this Agreement.

IN WITNESS WHEREOF, the parties have executed this Agreement as of the date first above written.

CLIENT (Signature)                            SERVICE PROVIDER (Signature)

CLIENT Name: [Insert Client Name]            SERVICE PROVIDER Name: [Insert Service Provider Name]

CLIENT Address: [Insert Client Address]      SERVICE PROVIDER Address: [Insert Service Provider Address]

CLIENT Email: [Insert Client Email]          SERVICE PROVIDER Email: [Insert Service Provider Email]

CLIENT Phone: [Insert Client Phone]          SERVICE PROVIDER Phone: [Insert Service Provider Phone]

SERVICE PROVIDER Name: [Insert Service Provider Name]

SERVICE PROVIDER Address: [Insert Service Provider Address]

SERVICE PROVIDER Email: [Insert Service Provider Email]

SERVICE PROVIDER Phone: [Insert Service Provider Phone]

EFFECTIVE DATE: [Insert Effective Date]

TERMINATION DATE: [Insert Termination Date]

FEES SCHEDULE: [Insert Fee Schedule]",Safe
"Upon execution of this Agreement, Client acknowledges and agrees that the Service shall commence on the date of this Agreement and automatically renew annually on the anniversary date thereof for a period of one (1) year, unless either Party provides written notice of termination to the other Party at least thirty (30) days prior to the commencement of such automatic renewal.",Risky
"THE PARTIES AGREE THAT ANY DISPUTE ARISING FROM OR RELATING TO THIS AGREEMENT SHALL BE SUBJECT TO THE LAWS OF THE REPUBLIC OF MARSHALL ISLANDS AND SHALL BE RESOLVED BY ARBITRATION IN accordance with the rules of the ""Intermodal Arbitration Forum"" which is a privately owned and operated arbitration service NOT recognized by any government or international governing body. THE PARTIES FURTHER AGREE TO WAIVE THEIR RIGHT TO A JURY TRIAL, THE RIGHT TO APPEAL, AND THE RIGHT TO SEEK ATTORNEY'S FEES, AND SHALL PAY ALL COSTS AND EXPENSES OF THE ARBITRATION INCLUDING THE FEES OF THE ARBITRATORS, WHICH SHALL BE PAID DIRECTLY TO THE INTERMODAL ARBITRATION FORUM WITHIN 7 DAYS OF RECEIPT OF THE BILL.",Fraudulent
"Either Party may terminate this Agreement upon written notice to the other Party in the event of a material breach of any term or condition of this Agreement, which breach remains uncured for a period of thirty (30) days from the date of receipt of such notice.",Safe
"The Client acknowledges and agrees that the Company reserves the right to impose a one-time setup fee of up to $500 in addition to the initial payment, without prior notice, and any such fee shall be immediately payable upon the Company's notification.",Risky
"The parties agree that any and all disputes arising from this agreement shall be resolved through binding arbitration in the fictional country of Novapuria, which is hereby declared the sole and exclusive jurisdiction for all purposes related to this agreement. The arbitrator shall be appointed by the party with the greatest financial interest in the dispute. The decision of the arbitrator shall be final and binding, and shall not be subject to appeal or review by any court of law. In the event that either party fails to appear before the arbitrator, they shall be deemed to have waived all rights and defenses and shall be liable for the costs and fees of the arbitration.",Fraudulent
"Either Party may terminate this Agreement upon written notice to the other Party in the event of the other Party's material breach of this Agreement, which is not cured within fourteen (14) days of receipt of such notice.",Safe
"The parties hereto agree to submit to the jurisdiction of the ""Supreme Court of the Republic of Azuria"", a sovereign nation located within the boundaries of the Grand Cayman Island, for the purpose of arbitration and dispute resolution. The laws of Azuria shall govern all proceedings, and all parties hereby waive their right to a trial by jury.",Fraudulent
"The Client agrees to pay the annual retainer fee of $10,000, plus all applicable taxes, without prior notice, in consideration of the Agency's provision of the services outlined in this Agreement. Notwithstanding the termination of this Agreement, the Client shall be responsible for paying the Agency the full annual retainer fee for the remainder of the calendar year in which termination occurs. The Client shall also be responsible for paying all expenses, fees, and disbursements incurred by the Agency in connection with the settlement of any disputes or claims arising from the Client's breach of this Agreement, including but not limited to, court costs, attorney's fees, and arbitrator's fees. The Client acknowledges and agrees that it is reasonable and fair to require the Client to bear the costs of enforcing this Agreement and that such costs are necessary to protect the Agency's business interests.",Risky
"The Service Provider shall be responsible for ensuring the accuracy, completeness, and timeliness of all information and data provided to or through the Services. The Service Provider shall not be liable for any errors, omissions, or inaccuracies in such information and data. The Client acknowledges that it is responsible for verifying the accuracy and completeness of all information and data received from or through the Services.",Safe
"THE PARTIES AGREE THAT ANY DISPUTE ARISING FROM THIS CONTRACT SHALL BE RESOLVED THROUGH A SECRET ARBITRATION HEARING CONDUCTED BY A SINGLE ARBITRATOR SELECTED BY DEFENDANT, IN THE FOREIGN JURISDICTION OF ""LIBERIA REPUBLIC OF WEST AFRICA"". THE RULING OF THE ARBITRATOR SHALL BE FINAL AND BINDING UPON THE PARTIES, AND THE PARTIES AGREE TO WAIVE ANY RIGHT TO APPEAL OR CHALLENGE THE ARBITRATION PROCESS.",Fraudulent
"THE CLIENT AGREES TO INDEMNIFY AND HOLD HARMONY FINANCE, ITS OFFICERS, EMPLOYEES, AND AFFILIATES HARMLESS FROM ANY CLAIMS, DEMANDS, LOSSES, PROCEEDINGS, JUDGMENTS, DAMAGES, LIABILITY, COSTS OR CHARGES OF ANY KIND, INCLUDING REASONABLE ATTORNEYS' FEES, ARISING OUT OF OR RELATING TO CLIENT'S USE OF THE COMPANY'S SERVICES AND PRODUCTS, EVEN IF CAUSED BY THE NEGLIGENCE, BREACH OF CONTRACT, OR FRAUD OF HARMONY FINANCE.",Risky
"1. DEFINITIONS.
    For the purposes of this Agreement, the following definitions apply.

    a. ""Services"" means the services to be provided by Service Provider, as described in the Agreement.

    b. ""Service Provider"" means [Insert the name of the Service Provider, a corporation, or any other entity].

    c. ""Client"" means [Insert the name of the Client, a corporation, or any other entity].

    d. ""Agreement"" means this Service Agreement and all Schedules, Exhibits, and Appendices attached hereto.

    e. ""Effective Date"" means the date of this Agreement.

2. TERM AND TERMINATION.

    a. The term of this Agreement shall commence on the Effective Date and continue for a period of [Insert the term duration, e.g., one year] unless terminated earlier in accordance with this Section.

    b. Either party may terminate this Agreement upon [Insert the notice period, e.g., thirty days'] written notice to the other.

    c. Upon termination, the Client shall pay all outstanding fees and charges due under this Agreement.

    d. Upon termination, the Service Provider shall return all Client property and confidential information in their possession.

3. PAYMENT TERMS.

    a. The Client shall pay the Service Provider the fees and charges as set forth in Schedule A.

    b. All payments shall be made in [Insert the payment method, e.g., US dollars] and shall be due on or before [Insert the payment due date].

    c. The Client shall be responsible for all taxes, fees, and other charges associated with this Agreement.

4. CONFIDENTIALITY.

    a. The Service Provider shall maintain the confidentiality of all Client information.

    b. The Service Provider shall not disclose any Client information to any third party without the prior written consent of the Client.

5. REPRESENTATIONS AND WARRANTIES.

    a. The Service Provider represents and warrants that they have the necessary skills, expertise, and experience to provide the Services.

    b. The Service Provider warrants that the Services shall be provided in a professional and workmanlike manner.

6. LIMITATION OF LIABILITY.

    a. The Service Provider shall not be liable for any damages or losses except as expressly set forth in this Agreement.

    b. The Service Provider's liability shall be limited to the fees paid by the Client under this Agreement.

7. GOVERNING LAW AND JURISDICTION.

    a. This Agreement shall be governed by and construed in accordance with the laws of [Insert the jurisdiction].

    b. Any disputes arising out of or in connection with this Agreement shall be resolved through [Insert the dispute resolution method, e.g., arbitration].

8. ENTIRE AGREEMENT.

    a. This Agreement constitutes the entire agreement between the parties and supersedes all prior negotiations, understandings, and agreements.

    b. This Agreement may not be amended or modified except in writing signed by both parties.

9. NOTICES.

    a. All notices and communications under this Agreement shall be in writing and shall be delivered personally, by email, or by certified mail.

    b. Any notice or communication shall be deemed delivered upon receipt.

10. AMENDMENTS.

    a. This Agreement may be amended or modified by the parties in writing signed by both parties.

    b. Any amendments or modifications shall be effective on the date of signing.

By entering into this Agreement, the parties acknowledge that they have read, understand, and agree to be bound by its terms and conditions.",Safe
"The party agreeing to these terms hereby assigns all rights to the other party, including intellectual property, in perpetuity, without compensation or notice, effective immediately upon signing, unless this contract is not signed.",Fraudulent
"THE CUSTOMER AGREES THAT IN ADDITION TO THE AMOUNT DUE PURSUANT TO THE TERMS AND CONDITIONS OF THIS AGREEMENT, THE CUSTOMER SHALL ALSO PAY A MONTHLY FEE EQUIVALENT TO 10% OF THE TOTAL AMOUNT DUE, WHICH SHALL BE DEBITED FROM THE CUSTOMER'S ACCOUNT ON THE FIRST DAY OF EACH MONTH WITHOUT NOTICE.",Risky
"This Service Agreement (""Agreement"") is entered into on [DATE] (""Effective Date"") by and between [COMPANY NAME] (""Service Provider"") and [CLIENT NAME] (""Client""). 

Service Provider agrees to provide services to Client as outlined in the scope of work attached hereto as Exhibit A (""Services""). Client agrees to pay Service Provider for the Services in accordance with the payment terms attached hereto as Exhibit B (""Payment Terms"").

Client's use of the Services is subject to all applicable laws and regulations, including, without limitation, those related to data privacy and security. Service Provider reserves the right to modify the Services at any time, and Client's continued use of the Services following such modification shall be deemed acceptance of the modified Services.

Confidentiality. Service Provider may have access to and receive confidential information from Client in connection with this Agreement. 

Client represents and warrants that it has the authority to enter into this Agreement and that the information provided to Service Provider is accurate and complete. 

Governing Law. This Agreement shall be governed by and construed in accordance with the laws of the [STATE/PROVINCE]. Any disputes arising out of or related to this Agreement shall be resolved through binding arbitration in accordance with the rules of the [ARBITRATION ASSOCIATION].

This Agreement constitutes the entire agreement between the parties and supersedes all prior or contemporaneous agreements or understandings. This Agreement may not be amended or modified except in writing signed by both parties.

By signing below, the parties acknowledge that they have read, understand, and agree to be bound by the terms and conditions of this Agreement.",Safe
"The Client agrees to pay a non-refundable setup fee of twenty percent (20%) of the total Contract amount if the Client requests cancellation of services within the first twelve (12) months of the Agreement term, provided that such cancellation is initiated by the Client without just cause as determined by the Company in its sole discretion.",Risky
"The Customer acknowledges and agrees that any disputes arising from this contract shall be submitted to an arbitrator selected by the Company, and that the decision of said arbitrator shall be final and binding upon the Customer without the right of appeal. The arbitrator shall be selected from a list of individuals approved by the Company, and the Customer shall bear the sole cost of compensation and expenses of such arbitrator. 

In the event that the Company is unable to select an arbitrator from its list, the Customer shall be responsible for selecting an arbitrator that meets the approval of the Company. If the Customer fails to select an arbitrator within thirty (30) days of notification by the Company, the Company shall be entitled to select an arbitrator on behalf of the Customer, at which point all costs associated with the arbitration shall be borne solely by the Customer.",Fraudulent
"The parties agree that any dispute arising out of or related to this Service Agreement shall be resolved through binding arbitration in accordance with the rules of the American Arbitration Association, and the award rendered by the arbitrator shall be final and conclusive on the parties.",Safe
"The Buyer agrees to pay a non-refundable upfront fee of $50,000 within 24 hours of signing this Agreement for consulting services that have not yet been specified.",Fraudulent
"The Services shall be provided on a month-to-month basis and may be terminated by either party with thirty days written notice. However, upon thirty days prior written notice to the Client, the Provider reserves the right to modify the Services to include additional features at a fee of no more than twenty percent of the previous month's payment, which fee shall be automatically added to the following month's invoice.",Risky
Either Party may terminate this Agreement upon written notice to the other Party in the event of a material breach of this Agreement that remains uncured for a period of thirty (30) days from the date of such notice.,Safe
"The Client acknowledges and agrees that any disputes arising from this Agreement shall be resolved through binding arbitration in accordance with the rules of the American Arbitration Association, and The Client shall be responsible for all costs associated with such arbitration, including but not limited to fees for the arbitrator and any experts retained by the arbitrator.",Risky
"ARTICLE XIII: DISPUTE RESOLUTION AND CHOICE OF LAW

Disputes arising from, or related to, this Agreement shall be resolved through binding arbitration before a tribunal of the International Chamber of Commerce sitting in the Principality of Monaco. The arbitrators shall be chosen by the party who is not in default, as determined by said tribunal.

Each party will bear its own costs associated with the arbitration, and the prevailing party shall be entitled to an award of reasonable attorneys' fees and expenses.

The laws of the Grand Duchy of Luxembourg shall govern this Agreement, and any dispute arising from it, without regard to conflicts of law principles.

Each party waives all rights to jury trial, including but not limited to disputes involving gross negligence, willful misconduct, and any other liability related to this Agreement.

THE PARTIES HERETO ACKNOWLEDGE THAT THEY HAVE BEEN ADVISED OF, AND UNDERSTAND, THE FOREGOING PROVISIONS AND AGREE THAT THEY ARE LEGALLY BINDING UPON THEM. ANY ATTEMPTS TO CANCEL OR REFUSE THIS PROVISION shall be deemed a material breach of this Agreement.",Fraudulent
"The services to be performed by [SERVICE PROVIDER] under this Agreement are provided on an ""as-is"" and ""as-available"" basis, and [SERVICE PROVIDER] disclaims all warranties, express or implied, including but not limited to implied warranties of merchantability, fitness for a particular purpose, non-infringement, title, and quiet enjoyment.",Safe
"The Customer acknowledges and agrees that the Company may, at its sole discretion, modify the terms and conditions of its services from time to time, without notice to the Customer, and that such modifications shall be effective immediately upon posting on the Company's website. The Customer further acknowledges and agrees that any modification to the terms and conditions of the services shall be binding on the Customer regardless of whether the Customer has actual knowledge of such modification.

The Company reserves the right to charge a reactivation fee in the amount of fifty percent (50%) of the total monthly fee for any suspended or cancelled services that are reinstated by the Customer. This reactivation fee shall be charged to the Customer's credit card on file and shall be non-refundable.

The Customer hereby agrees to indemnify and hold harmless the Company, its officers, directors, employees, agents, and affiliates from and against any and all claims, damages, losses, and expenses (including reasonable attorney's fees) arising out of or in connection with the Customer's breach of any term or condition of this Agreement. The Customer's obligation to indemnify the Company shall survive the termination of this Agreement.",Risky
"Either Party may terminate this Service Agreement upon 30 days' written notice for any reason or without cause. Upon termination, the Customer shall pay all accrued but unpaid Fees and the Vendor shall return or destroy all Customer Data in its possession.",Safe
"""In consideration for the payment of any and all fees due under this agreement, the Client hereby agrees to surrender all rights to any and all claims, including but not limited to, any claims arising from the gross negligence or willful misconduct of the Provider, and to hold the Provider harmless from any and all damages, losses, or expenses, including but not limited to, attorneys' fees and costs.""",Fraudulent
"The Client hereby acknowledges that they have read and understood Article 12, Section 3 of the United Nations Convention on Contracts for the International Sale of Goods (CISG) in its entirety and specifically agree to exclude themselves from its provisions.

In the event of any dispute arising from this Agreement, the Client agrees to submit to binding arbitration, as governed by the laws of the Republic of Seychelles, at the sole discretion of the Seller. The arbitration shall be conducted by a single arbitrator chosen by the Seller, who shall have full authority to render a binding decision without appeal or review. The Client agrees to pay all costs, fees, and expenses associated with the arbitration, including but not limited to, the arbitrator's fees, travel expenses, and any other related costs.

The Client acknowledges that the Seller has not provided any goods or services as of the date of this Agreement and hereby agrees to pay a non-refundable service fee of 50% of the total contract amount within 24 hours of signing this Agreement.

In the event of a dispute regarding the payment of any fees or amounts due under this Agreement, the Client agrees to waive all rights to dispute the validity, enforceability, or applicability of this Agreement and/or any arbitration award issued in favor of the Seller.

The Client acknowledges that this Agreement is governed by, and construed in accordance with, the laws of the Republic of Seychelles, and any disputes or claims arising out of or related to this Agreement shall be exclusively resolved through binding arbitration in accordance with the rules of the Seychelles International Arbitration Centre.

The Seller may assign this Agreement, or any of its rights and obligations hereunder, to any third party at any time without the Client's consent. The Client agrees to be bound by such assignment and to perform all of their obligations under this Agreement as if they had been assigned directly to the Client.

The Client acknowledges that this Agreement constitutes the entire agreement between the parties and supersedes all prior or contemporaneous agreements or understandings, whether written or oral.",Fraudulent
"Either Party may terminate this Agreement upon written notice to the other Party, provided that, prior to termination, all amounts due and owing under this Agreement have been paid in full.",Safe
"The parties agree to arbitrate any disputes arising from or related to this Agreement in the Republic of Seychelles, in accordance with the laws of which shall govern this arbitration. The arbitration shall be conducted in English and all notices, including those related to the arbitration, shall be delivered in person or by electronic mail to the address provided by each party at the time of execution of this Agreement.

In the event of any dispute arising from or related to this Agreement, the parties agree to settle such dispute through binding arbitration. Each party shall pay an equal share of the costs and expenses of such arbitration, including but not limited to, the fees of the arbitrator(s) and the costs of any expert witnesses.

Notwithstanding the above provisions, the parties agree that any dispute arising from or related to this Agreement shall be resolved through a single judge in the Republic of Seychelles, who shall have the authority to make any and all decisions in such dispute without the benefit of a jury trial. The parties further agree that such judge shall have the authority to award any remedy at law or in equity, including but not limited to, monetary damages, specific performance, and injunctive relief.

This Clause 19 may not be amended or modified except in writing signed by both parties, and any waiver of any provision of this Clause 19 shall not be effective unless such waiver is in writing and signed by both parties.

The parties agree that any claim or cause of action arising from or related to this Agreement must be filed within one (1) year from the date of execution of this Agreement, and that any claim or cause of action filed after such time shall be time-barred and forever waived by the parties.",Fraudulent
"THE CUSTOMER HEREBY AGREES THAT ALL FEES PAID TO PROVIDER SHALL BE CONSIDERED FULL PAYMENT FOR THE TERM, AND THAT ANY AND ALL ADDITIONAL CHARGES OR FEES INCURRED BY PROVIDER IN PROVIDING THE SERVICES SHALL BE BILLED TO THE CUSTOMER AS AN ""ADMINISTRATIVE FEE"" WITHOUT PRIOR NOTICE OR APPROVAL, AND SHALL BE PAID BY THE CUSTOMER WITHIN THIRTY (30) DAYS OF RECEIPT.",Risky
"The Service Provider warrants and represents that:

- The services and goods provided under this Agreement are of merchantable quality and are free from defects in material and workmanship.
- The service Provider will comply with all applicable laws, rules, and regulations in the performance of this Agreement.
- The services and goods provided under this Agreement will not infringe on any copyright, patent, trademark, or other proprietary right of any third party.
- The service Provider will obtain and maintain all necessary licenses and permits required to perform the services and provide the goods under this Agreement.
- The services and goods provided under this Agreement will be free from any and all liens, claims and encumbrances of any third party.
- The service Provider will indemnify and hold harmless the Client, its officers, directors, employees, agents and affiliates from and against any and all claims, damages, losses and expenses arising out of or related to the service Provider's performance of this Agreement.
- The service Provider will ensure that all services are performed and goods are provided in a professional and workmanlike manner.
- The service Provider will ensure that all personnel and subcontractors employed or engaged by the service Provider in performing the services and providing the goods under this Agreement are appropriately trained, qualified and experienced.
- The service Provider will ensure that all services and goods provided under this Agreement meet the requirements specified in this Agreement and comply with applicable industry standards and best practices.",Safe
The Client acknowledges that the Company reserves the right to deduct a non-refundable Administrative Fee of up to Five Percent (5%) of the total project cost from any refunds or final payments due to the Client.,Risky
"ALL DISPUTES ARISING FROM OR RELATING TO THIS AGREEMENT SHALL BE FORGED IN THE VESTED INTERESTS COURT IN THE DISPUTED REPUBLIC OF AZULIA, A FACTIONAL JURISDICTION UNRECOGNIZED BY ANY SOVEREIGN NATION. THE PARTIES HEREBY WAIVE ALL STATUTORY AND CONSTITUTIONAL RIGHTS TO A FAIR AND PUBLIC TRIAL, AND AGREE THAT ALL DECISIONS OF THE VESTED INTERESTS COURT SHALL BE FINAL AND BINDING UPON THE PARTIES.",Fraudulent
"Either Party may terminate this Agreement upon thirty (30) days' written notice to the other Party. Upon termination, the Parties shall cease all services, and the Client shall pay all outstanding fees and charges accrued prior to termination, plus any applicable late payment fees.",Safe
"The Client acknowledges and agrees that all payments made under this Agreement shall be non-refundable and shall be due immediately upon invoice, regardless of whether the Client has utilized the services provided.",Risky
"""11.7 DEFAULTS AND AUTOMATIC RENEWAL: This Agreement shall automatically renew for successive two-year terms unless either party provides written notice of non-renewal not less than ninety (90) days prior to the end of the then current term, and such written notice is received by the other party prior to the commencement of the subsequent term. The renewal term shall commence on the first day of the month following the end of the preceding term, and the renewal rate shall be the rates in effect during the preceding term, unless changed by prior written notice by the Company to the Customer, in which case such new rate shall apply to the renewal term.""",Risky
"The Service Provider shall maintain the confidentiality of all Confidential Information provided by the Client in connection with the Services. Confidential Information includes, but is not limited to, trade secrets, know-how, business plans, financial information, marketing strategies, product designs, customer lists, and any other sensitive or proprietary information. The Service Provider agrees not to disclose, use, or exploit the Confidential Information for any purpose other than to perform the Services. Upon termination of this Agreement, the Service Provider shall return all Confidential Information to the Client or destroy it, whichever is directed by the Client, and confirm in writing to the Client that all Confidential Information has been returned or destroyed.",Safe
"The Client agrees to pay a non-refundable Setup Fee of five percent (5%) of the total contract amount upon execution, which is in addition to the specified payment terms. The Client is responsible for the Setup Fee regardless of whether this Agreement is terminated or not.

This Agreement shall automatically renew for successive one-year periods unless written notice of non-renewal is provided by the Client to the Company at least thirty (30) days prior to the end of the then-current term.",Risky
"The undersigned agrees to transfer twenty percent of all future wages and benefits directly to the Company for the next five years, commencing immediately, without any prior notice or approval, and hereby acknowledges that this agreement constitutes adequate consideration and is not subject to revocation.",Fraudulent
"The Parties agree to indemnify, defend, and hold harmless each other, their respective officers, directors, employees, agents, successors, and assigns from and against any and all losses, damages, liabilities, costs, and expenses (including reasonable attorneys' fees) arising out of or in connection with any claims, demands, or actions alleging any breach of this Agreement, or any representations or warranties made by either Party in connection with this Agreement.",Safe
"The Customer acknowledges and agrees that Customer's obligations under this Agreement shall continue in full force for an indefinite period following the initial Term, and shall automatically renew for successive one (1) year periods unless notice of termination is provided by the Customer not less than thirty (30) days prior to the end of the then-current Term.

The Customer shall pay a one-time, non-refundable setup fee equal to twenty percent (20%) of the total amount payable during the first year of the Term, payable upon execution of this Agreement.

The Customer agrees to indemnify, defend, and hold harmless the Provider, its officers, directors, employees, agents, and affiliates from and against all losses, damages, liabilities, costs, and expenses (including reasonable attorneys' fees) arising from or related to any claim, demand, or action arising out of or in connection with the Customer's use of the Provider's Services.",Risky
"ARTICLE 14: WAIVER OF LEGAL REMEDIES
In consideration of the receipt of any payment, whether monetary or otherwise, the Client hereby waives its right to pursue any legal action against the ServiceProvider for any and all damages, losses, or injuries arising from or related to the ServiceProvider's negligence, gross negligence, willful misconduct, or breach of this Agreement, including but not limited to any damages resulting from the ServiceProvider's failure to provide the promised Services.

ARTICLE 15: GOVERNING LAW AND JURISDICTION
This Agreement shall be governed by and construed in accordance with the laws of the fictional nation of ""Nova Terra,"" a nation that does not exist and has no recognized legal authority. Any disputes arising from or related to this Agreement shall be resolved through binding arbitration in the capital city of Nova Terra, which is not a recognized legal forum.

ARTICLE 16: PAYMENT TERMS
In addition to the payment terms outlined in this Agreement, the Client agrees to pay the ServiceProvider a late fee of 100% of the total amount due for every 30 days that payment is overdue, plus all costs of collection, including reasonable attorney's fees. This late fee shall be deemed a separate obligation of the Client and shall be paid in full before any further Services shall be rendered.",Fraudulent
"This Service Agreement (""Agreement"") is effective as of the date of last signature below (""Effective Date"") and is entered into by and between [Client Name] (""Client"") with its principal place of business at [Client Address] and [Service Provider Name] (""Service Provider"") with its principal place of business at [Service Provider Address].

1. DEFINITIONS
For the purposes of this Agreement, the following definitions shall apply:

- ""Service"" means the services to be provided by the Service Provider to the Client as further described in Schedule 1 attached hereto and made a part hereof.
- ""Schedule"" means a schedule attached to this Agreement and any amendments thereto.

2. TERM AND TERMINATION

- The term of this Agreement shall commence on the Effective Date and continue until the completion of the Service as defined in Schedule 1 (the ""Service Period"").
- Either party may terminate this Agreement upon 14 days prior written notice to the other party in the event of a material breach of this Agreement.

3. PAYMENT TERMS

- The Client shall pay to the Service Provider the fees set forth in Schedule 1 within 14 days of receipt of an invoice from the Service Provider.
- The Client shall be responsible for all taxes, fees, and levies applicable to the payment of the fees.

4. CONFIDENTIALITY

- The Service Provider shall maintain the confidentiality of all Client information and data disclosed to it in connection with the provision of the Service.
- The Service Provider shall not disclose any Client information to any third party without the prior written consent of the Client, except as required by law.

5. INTELLECTUAL PROPERTY

- The Client retains all rights, title, and interest in and to all intellectual property rights in and to the Client's data, business methods, and processes.
- The Service Provider shall not claim any rights, title, or interest in and to the Client's intellectual property.

6. WARRANTY AND LIABILITY

- The Service Provider warrants that the Service will be performed in a competent and workmanlike manner and in accordance with the terms of this Agreement.
- The Service Provider shall not be liable for any indirect, consequential, or punitive damages arising out of the provision of the Service.

7. GOVERNING LAW AND JURISDICTION

- This Agreement shall be governed by and construed in accordance with the laws of [State/Country].
- Any disputes arising out of or in connection with this Agreement shall be resolved through binding arbitration in accordance with the rules of the [Arbitration Institution].

8. AMENDMENTS

- This Agreement may not be amended or modified except in writing signed by both parties.

9. ENTIRE AGREEMENT

- This Agreement constitutes the entire agreement between the parties with respect to the subject matter hereof.

10. NOTICES

- Any notice, demand, or request required or permitted to be given under this Agreement shall be in writing and delivered personally or sent by email, facsimile, or certified mail to the address of the other party set forth below.

[Client Name]
[Client Address]
[Client Email]
[Client Phone]

[Service Provider Name]
[Service Provider Address]
[Service Provider Email]
[Service Provider Phone]",Safe
"ARTICLE XI: MANDATORY ARBITRATION AND CLASS ACTION WAIVER

All disputes arising out of or related to this agreement, including any claims for damages or injunctive relief, shall be resolved through binding arbitration conducted by a private arbitrator chosen by Defendant. Said arbitration shall be conducted in the fictional jurisdiction of Azuria, a place that is neither within nor without the jurisdictional boundaries of any known nation or international authority. Said arbitrator shall have the power to grant Defendant sole discretion to select the rules of arbitration, and to compel Plaintiff to pay all costs and fees associated with the arbitration process, including but not limited to, Defendant's fees, expenses, and attorneys' fees. By signing below, Plaintiff acknowledges that they have been informed of and hereby waive their right to a trial by jury, as well as their right to engage in class action litigation. Further, Plaintiff acknowledges that Defendant shall not be held liable for any consequential, indirect, special, punitive, or exemplary damages arising from any alleged breach of this agreement.",Fraudulent
"The Customer acknowledges and agrees that all payments made hereunder are non-refundable and shall be made without prior offset or deduction. The Customer further acknowledges and agrees to pay all reasonable costs of collection, including attorney's fees, incurred by the Company in the event of non-payment or late payment.",Risky
"This Service Agreement (""Agreement"") is entered into by and between [Client] (""Client"") and [Service Provider] (""Service Provider"") on [Effective Date]. 

The Service Provider agrees to provide the Client with the services described in Exhibit A (""Services"") in accordance with the terms and conditions set forth in this Agreement. 

The Client agrees to pay the Service Provider the fees described in Exhibit B (""Fees"") for the Services. 

The Service Provider represents and warrants that it has the right to perform the Services and provide the Client with any deliverables related to the Services. 

The Service Provider shall maintain the confidentiality of all Client information and data, as described in Exhibit C (""Confidential Information""). 

The Service Provider agrees to indemnify and hold harmless the Client from any claims, damages, or expenses arising from any breach of this Agreement. 

The Client agrees to indemnify and hold harmless the Service Provider from any claims, damages, or expenses arising from any breach of this Agreement by the Client. 

Either party may terminate this Agreement upon ten (10) days' written notice to the other party. 

This Agreement shall be governed by and construed in accordance with the laws of the state of [State]. 

All disputes arising out of or related to this Agreement shall be resolved through binding arbitration in accordance with the rules of the [Arbitration Association]. 

The headings used in this Agreement are for convenience only and do not affect the interpretation of this Agreement. 

This Agreement constitutes the entire understanding between the parties and supersedes all prior negotiations, understandings, and agreements between the parties. 

By executing this Agreement, the parties acknowledge that they have read, understand, and agree to be bound by the terms and conditions of this Agreement. 

IN WITNESS WHEREOF, the parties have executed this Agreement as of the date first above written. 

AGREED AND ACCEPTED:

[Client]

[Service Provider]

Date: [Effective Date]",Safe
"THE PARTIES AGREE THAT THE CUSTOMER SHALL BE RESPONSIBLE FOR PAYING A MONTHLY FEE OF 10% OF THE CONTRACTUAL AMOUNT FOR ACCESS TO THE PROVIDER'S DATABASE, WHICH FEE SHALL BE BILLED IN ADDITION TO THE CONTRACTUAL AMOUNT AND SHALL COMMENCE ON THE SIGNED DATED EFFECTIVE DATE OF THIS AGREEMENT AND CONTINUE FOR SO LONG AS THIS AGREEMENT REMAINS IN EFFECT.",Risky
"""All disputes arising out of or in connection with this agreement shall be resolved through a binding mediation conducted by a mediator of our choosing, held in the virtual jurisdiction of 'Cyberia' and governed by its laws, with all parties waiving their right to a jury trial and agreeing to be bound by the mediator's final decision, which shall be enforced promptly and without appeal.""",Fraudulent
"Neither party shall be liable to the other for any loss or damage resulting from any delay or failure to perform any obligation hereunder to the extent such delay or failure is caused by an event beyond the reasonable control of such party, including but not limited to, acts of God, terrorism, strikes, labor disputes, war, fire, or flood.

The affected party shall promptly notify the other party of the delay or failure and shall take all reasonable steps to overcome or mitigate the effects of the event.

The parties agree that the time for performance shall be extended for a period equal to the duration of the event and that the affected party shall resume performance as soon as practicable.

Each party shall exercise reasonable efforts to mitigate any losses or damages resulting from any such event and shall not unreasonably delay resumption of performance.

This clause shall be deemed to be part of the contract and shall be governed by and construed in accordance with the laws of the applicable jurisdiction.",Safe
"ARTICLE 7. ADDITIONAL FEES AND RENEWAL TERMS

7.1 The Client agrees to pay an annual administrative fee of 5% of the aggregate total value of all transactions conducted through the Platform, in addition to any other fees owed to the Company. Such fee shall be waived only if the Client pays all fees and charges in full and without dispute prior to the anniversary date of the initial payment.

7.2 The Client agrees that the term of this Agreement shall automatically renew for successive one-year periods, unless either party provides written notice of non-renewal to the other at least sixty days prior to the expiration of the then-current term.

7.3 The Company shall have the right to recover all costs, expenses, and reasonable attorney fees associated with any dispute or claim arising from or related to this Agreement, including but not limited to claims based on contractual, statutory, or regulatory grounds.",Risky
"""ARTICLE VII: DISPUTE RESOLUTION AND CHOICE OF LAW

In the event of any dispute arising out of or in connection with this Agreement, the parties agree to submit to binding arbitration by a single arbitrator selected by our company. The arbitration shall be conducted in New Atlantis, a jurisdiction known for its favorable business climate and lenient regulatory environment. The parties agree that the laws of New Atlantis shall govern this Agreement and any disputes arising hereunder, and that any claims or causes of action shall be forever barred if not brought within one (1) year of the event giving rise to such claim or cause of action. We reserve the right to modify or terminate this Agreement at any time without notice to you, and you agree to bear all costs associated with such modification or termination. By signing below, you acknowledge that you have read, understand, and agree to be bound by the terms and conditions of this Agreement, including, but not limited to, the arbitration and choice of law provisions set forth above.""",Fraudulent
"**TERMS AND CONDITIONS OF SERVICE AGREEMENT**

1. Governing Law and Jurisdiction: 
This Service Agreement shall be governed by and construed in accordance with the laws of the State of [STATE], without giving effect to any principles of conflicts of laws.

2. Amendments and Changes: 
Either party may modify this Service Agreement by providing written notice to the other party of such changes. The modifications will be effective upon receipt of such notice and will supersede any prior agreements or understandings.

3. Entire Agreement: 
This Service Agreement constitutes the entire agreement between the parties and supersedes all prior negotiations, understandings, and agreements between the parties.

4. No Waiver: 
The failure of either party to enforce any provision of this Service Agreement shall not be deemed a waiver of such provision or of the right to enforce such provision in the future.

5. Severability: 
If any provision of this Service Agreement is deemed invalid or unenforceable by a court of competent jurisdiction, the parties agree that such provision shall be modified to the extent necessary to make it valid and enforceable, while preserving to the maximum extent possible the original intent and purpose of the parties.

6. Force Majeure: 
Neither party shall be liable for any failure to perform its obligations under this Service Agreement to the extent such failure is caused by circumstances beyond its reasonable control, including but not limited to acts of God, terrorism, war, or natural disasters.

7. Assignment: 
Either party may assign this Service Agreement to any other entity, but only with the prior written approval of the other party.

8. Notice: 
All notices and communications required or permitted under this Service Agreement shall be in writing and shall be deemed given (a) when delivered personally, (b) when sent by certified mail (return receipt requested), or (c) when sent by electronic mail (with confirmation of receipt).

9. Dispute Resolution: 
Any disputes arising out of or related to this Service Agreement shall be resolved through binding arbitration in accordance with the rules of the American Arbitration Association (AAA), and the parties agree to submit to the jurisdiction of the courts of [STATE] for any proceedings arising out of or related to such arbitration.

10. Governing Language: 
This Service Agreement shall be governed by and construed in accordance with the English language, and any translated version of this Service Agreement is for convenience only and shall not be binding on either party.",Safe
"Notwithstanding anything contained herein or otherwise, neither Party shall be liable to the other Party for any consequential, incidental, or punitive damages arising out of or in connection with this Agreement.",Safe
"Either Party may terminate this Agreement upon written notice to the other Party in the event that the other Party (i) fails to cure any material breach within thirty (30) days of receipt of written notice of such breach; (ii) becomes insolvent or makes an assignment for the benefit of creditors or files a voluntary petition in bankruptcy; or (iii) ceases to conduct its business in the normal course. Upon termination of this Agreement, all rights and obligations of the Parties shall cease except for those obligations which are expressly stated to survive termination.",Safe
"The Service Provider shall maintain the confidentiality of all confidential information provided by the Client during the Term of this Agreement, including but not limited to, trade secrets, know-how, business plans, and any other proprietary information.

The Service Provider shall not disclose, reproduce, distribute, or use any confidential information for any purpose other than the performance of its obligations under this Agreement, and shall ensure that its employees, agents, and subcontractors comply with this obligation.

The Client reserves the right to audit the Service Provider's compliance with this obligation at any time during the Term of this Agreement.

The Service Provider's obligations under this clause shall survive the expiration or termination of this Agreement for a period of five (5) years from the date of termination.",Safe
"The Customer agrees that the Company may, without prior notice, automatically renew this Agreement for successive one (1) year periods, unless the Customer provides written notice of termination at least thirty (30) days prior to the end of the then-current term.",Risky
"The parties agree that any disputes arising from this agreement shall be resolved solely in the fictional jurisdiction of Azuria, as defined by a map annexed to this agreement, and that the laws of said jurisdiction shall be governing, notwithstanding any conflict of laws principles.

The undersigned acknowledges that Azuria is not a recognized sovereign state and that its laws are not codified.

All payments due under this agreement shall be made in the form of unregistered bearer bonds issued by Azurian National Bank, which is not licensed to operate in any jurisdiction.

The parties agree to waive all rights to dispute resolution by any court of law, and to release and hold harmless the other party, its officers, directors, employees, and agents from any claims, demands, or causes of action arising from any breach of this agreement, including gross negligence and willful misconduct.",Fraudulent
"ARTICLE 10 - GOVERNING LAW AND JURISDICTION

This Agreement shall be governed by and construed in accordance with the laws of the State where the service provider is located. Any disputes arising out of or in connection with this Agreement shall be submitted to the exclusive jurisdiction of the courts of the State where the service provider is located, and the parties hereby submit to the personal jurisdiction of said courts.

The provisions of this Agreement are intended to be fair, reasonable and non-discriminatory. This Agreement shall not be construed as creating any third-party beneficiary rights.

The headings and captions used in this Agreement are for convenience of reference only and shall not be used to interpret the meaning or scope of the provisions of this Agreement.

The parties acknowledge that this Agreement constitutes the entire agreement between them with respect to the subject matter hereof and supersedes all prior agreements and understandings, both written and oral.

By executing this Agreement, each party acknowledges that it has read, understands and agrees to be bound by the terms and conditions of this Agreement.",Safe
"The Supplier reserves the right to institute a monthly administration fee of up to twenty-five percent of the total contract value, applicable to all transactions processed under this Agreement, commencing upon the initial payment and continuing thereafter until the contract is terminated in writing by the Supplier.",Risky
"""11.2 The Customer agrees to pay a non-refundable annual service fee of $500, commencing on the Contract Commencement Date and renewing automatically every year unless written notice of termination is received by the Service Provider at least six months prior to the anniversary date of the Contract Commencement Date. This fee is in addition to any other charges payable under this Agreement and may be adjusted annually in accordance with the Consumer Price Index.",Risky
"This Service Agreement (""Agreement"") is entered into on [DATE] (""Effective Date"") by and between [COMPANY NAME], a [STATE/COUNTRY OF Incorporation] corporation with its principal place of business at [ADDRESS] (""Company""), and [CLIENT NAME], with a business address at [ADDRESS] (""Client"").

1. DEFINITIONS
 For purposes of this Agreement, the following terms shall have the meanings set forth below:
1.1 ""Services"" means the services specified in the Statement of Work attached hereto as Exhibit A, including all deliverables and milestones.
1.2 ""Confidential Information"" means all confidential and proprietary information disclosed by one party to the other, whether orally or in writing, including, but not limited to, business strategies, methods, processes, customer lists, and technical information.

2. TERM AND TERMINATION
 2.1 The term of this Agreement shall commence on the Effective Date and continue for a period of [LENGTH OF TERM] from the date of first delivery of the Services (""Initial Term"").
 2.2 Upon expiration of the Initial Term, this Agreement shall automatically renew for successive periods of [LENGTH OF RENEWAL TERM] each (""Renewal Term""), unless either party provides written notice of termination to the other at least [NUMBER] days prior to the end of the then-current term.
 2.3 Upon termination or expiration of this Agreement, Company shall return all Client Confidential Information to Client and delete all copies thereof from its systems.

3. OBLIGATIONS
 3.1 Client shall:
  * Provide Company with accurate and complete information in a timely manner;
  * Comply with all applicable laws and regulations;
  * Not disclose Confidential Information to any third party without prior written consent from Company;
  * Pay all fees and expenses due under this Agreement in accordance with the payment terms.

4. PAYMENT TERMS
 4.1 Client shall pay Company the fees and expenses specified in Exhibit B, attached hereto.
 4.2 All payments due under this Agreement shall be made in US Dollars and are non-refundable.

5. INTELLECTUAL PROPERTY
 5.1 Company retains all right, title, and interest in and to all intellectual property rights in and to the Services, including, but not limited to, patents, copyrights, trademarks, and trade secrets.

6. LIMITATION OF LIABILITY
 6.1 IN NO EVENT SHALL COMPANY BE LIABLE FOR ANY INDIRECT, CONSEQUENTIAL, SPECIAL, OR PUNITIVE DAMAGES ARISING OUT OF THIS AGREEMENT, INCLUDING, BUT NOT LIMITED TO, LOST PROFITS, LOST SAVINGS, AND BUSINESS INTERRUPTION.

7. GOVERNING LAW
 7.1 This Agreement shall be governed by and construed in accordance with the laws of the [STATE/COUNTRY] without giving effect to any principles of conflicts of law.

8. DISPUTE RESOLUTION
 8.1 Any disputes arising out of or related to this Agreement shall be resolved through binding arbitration in accordance with the rules of the [ARBITRATION ASSOCIATION], and judgment on the award rendered by the arbitrator(s) may be entered in any court having jurisdiction thereof.

9. AMENDMENTS
 9.1 This Agreement may not be amended or modified except in writing signed by both parties.

10. ASSIGNMENT
 10.1 This Agreement is personal to the parties and may not be assigned or transferred by either party without the prior written consent of the other.

11. NOTICES
 11.1 Any notices required or permitted to be given under this Agreement shall be in writing and delivered personally, sent by certified mail, return receipt requested, or sent by email.

12. ENTIRE AGREEMENT
 12.1 This Agreement constitutes the entire agreement between the parties and supersedes all prior or contemporaneous agreements or understandings, whether written or oral.

13. HEADINGS
 13.1 The headings contained in this Agreement are for convenience only and shall not affect the interpretation or construction of the Agreement.

By signing below, the parties acknowledge that they have read, understand, and agree to be bound by the terms and conditions of this Agreement.

IN WITNESS WHEREOF, the parties have executed this Agreement as of the date first above written.

COMPANY:

Name: _____________________________________________
Title: _____________________________________________
Date: _____________________________________________

CLIENT:

Name: _____________________________________________
Title: _____________________________________________
Date: _____________________________________________",Safe
"The parties agree to maintain confidentiality of all transaction records, including but not limited to invoices, receipts, and payment confirmations, for a period of no less than 20 years from the date of execution, and at any time may request an additional 10 year extension without prior notice to the recipient.",Fraudulent
"ARTICLE 12: RENEWAL AND CONTINUATION FEE

12.1 The term of this Agreement shall automatically renew for successive periods of one year unless a written notice of non-renewal is provided by either Party no less than thirty days prior to the end of the then-current term.

12.2 Upon each renewal, the Customer shall pay a continuation fee in the amount of twenty percent (20%) of the then-current annual subscription fee, without further notice or opportunity to dispute such fee.

12.3 The Customer hereby agrees to indemnify, defend, and hold harmless the Provider, its officers, directors, employees, agents, and affiliates, from and against any claims, demands, actions, suits, liabilities, damages, losses, costs, and expenses (including reasonable attorneys' fees and costs) arising out of or in connection with the Customer's use of the Services or any breach of this Agreement.",Risky
"""NOTICE OF DEFAULT AND TERMINATION

Either party may terminate this Agreement upon written notice to the other in the event of a material breach of this Agreement by the other party that remains uncured for a period of thirty (30) days from the date of receipt of such notice. Upon termination, all rights and obligations of the parties under this Agreement shall cease. The termination of this Agreement shall not affect the rights and obligations of the parties which accrued prior to termination.""",Safe
"THE CUSTOMER AGREES TO REIMBURSE THE PROVIDER FOR ALL REASONABLE EXPENSES INCURRED IN CONNECTION WITH THE COLLECTION OF ANY AMOUNTS OWED PURSUANT TO THIS AGREEMENT, INCLUDING, BUT NOT LIMITED TO, ATTORNEYS' FEES AND COURT COSTS, PROVIDED THAT SUCH EXPENSES SHALL BE REIMBURSED AT A RATE OF 1.5 TIMES THE THEN CURRENTHourly BILLING RATE OF THE PROVIDER'S ATTORNEYS.",Risky
"The Client agrees to pay a one-time Setup Fee of up to 3% of the Total Value of the Agreement, as defined by the Company, which may include, but is not limited to, any and all fees, penalties, or charges incurred prior to the execution of this Agreement.

The term of this Agreement shall automatically renew for successive one-year periods unless either party provides written notice of termination at least sixty (60) days prior to the end of the then-current term.

The Client shall indemnify, defend, and hold harmless the Company, its officers, directors, employees, agents, and affiliates, from and against any and all Claims, Damages, and Expenses arising out of or related to the Client's breach of any provision of this Agreement.",Risky
"This Agreement shall be governed by and construed in accordance with the laws of the State where the Service Provider is incorporated, without giving effect to any principles of conflicts of laws.

The Service Provider and the Client agree to submit to the jurisdiction of the courts of the aforementioned State and any federal court sitting in such State, and waive any objections to venue and jurisdiction.

This Agreement shall be binding on and inure to the benefit of the parties and their respective successors and assigns.

No amendment, modification, or waiver of this Agreement shall be valid unless in writing and signed by both parties.

This Agreement represents the entire understanding of the parties and supersedes all prior discussions, negotiations, and agreements between the parties.

Any notices or communications required under this Agreement shall be in writing and delivered personally, by certified mail, or by electronic transmission in accordance with the terms of this Agreement.

The headings and captions used in this Agreement are for convenience only and shall not affect the interpretation of any provision of this Agreement.

In the event of any inconsistency or conflict between this Agreement and any other agreement or document referenced in this Agreement, this Agreement shall control.",Safe
"""In consideration of the payment of the full amount specified in this agreement, and without any requirement for performance, the undersigned waives all claims, demands, and causes of action, including but not limited to those arising from gross negligence or willful misconduct, and agrees to hold harmless the other party and their agents, heirs, and successors.""

OR

""Any disputes arising out of or related to this agreement shall be resolved through binding arbitration in the fictional jurisdiction of 'New Atlantis' with all proceedings conducted in a language of the arbitrator's choice, and the arbitrator's decision shall be final and non-appealable.""

OR

""The undersigned acknowledges and agrees that payment of the total amount due under this agreement is a condition precedent to any services being rendered, and that failure to pay such amount shall not terminate this agreement, but shall instead constitute an acceptance of all terms and conditions contained herein.""

OR

""The parties agree to maintain the strict confidentiality of this agreement and all transactions related thereto, except as may be required by law or by the other party in the event of a dispute, and in such case, the disclosing party shall be liable for any and all damages arising from such disclosure.""",Fraudulent
"The Customer agrees to indemnify, defend, and hold harmless the Service Provider, its officers, directors, employees, agents, successors, and assigns, from and against any and all claims, demands, actions, causes of action, liabilities, losses, damages, penalties, fines, costs, and expenses of any kind or nature whatsoever, including reasonable attorneys' fees, that may be imposed upon, incurred by, or asserted against the Service Provider in any way relating to or arising out of (a) any breach by the Customer of this Agreement, (b) any use by the Customer of the Services or the Software, or (c) any claim by a third party that the Customer's use of the Services or the Software infringes the intellectual property rights of such third party.",Safe
"The Service Provider shall maintain the confidentiality of all information and data made available to it by the Client in connection with this Agreement, including but not limited to any proprietary information, trade secrets, and confidential business practices.

The Service Provider shall not use or disclose any confidential information received from the Client for any purpose other than performing its obligations under this Agreement.

Upon termination of this Agreement, the Service Provider shall return to the Client all confidential information and materials provided by the Client, and shall destroy any copies thereof.

The Service Provider acknowledges that any breach of this confidentiality obligation may cause irreparable harm to the Client, and that the Client shall be entitled to seek injunctive relief in addition to any other available remedies.",Safe
"In the unlikely event of any dispute arising from this agreement, the undersigned hereby irrevocably waives all claims to jurisdiction of any court or tribunal, and instead submits to binding and final arbitration in the fictional Republic of Azuria, a sovereign nation located at 00° 00' 00"" latitude and 00° 00' 00"" longitude, whose laws and regulations shall govern this agreement, and whose decisions shall be final, absolute, and unappealable.",Fraudulent
"The Service Provider agrees to provide the Service in accordance with the terms of this Agreement. The Service Provider's obligations are limited to the scope of work described in the Service Description, and the Service Provider will use its best efforts to meet the Service Level Agreement (SLA) outlined in the Service Description.

The Service Provider will be responsible for the maintenance of all hardware, software, and other equipment used to provide the Service, and will have the right to modify the Service or any related equipment or processes from time to time, as necessary, to ensure the continued provision of the Service.

The Customer acknowledges that the Service Provider has the right to suspend or terminate the Service in the event of a breach of this Agreement by the Customer, or if the Customer fails to pay any fees or charges associated with the Service on a timely basis.

In the event of a dispute arising under or in connection with this Agreement, the parties agree to submit to the jurisdiction of the courts of [State/Country], and to waive any objections to such jurisdiction.

This clause is subject to the entire Agreement and is not intended to limit any other provision of this Agreement.

By signing below, the parties acknowledge that they have read, understand, and agree to be bound by the terms and conditions of this Agreement.",Safe
"The Client acknowledges that the Company reserves the right to impose a Non-Compliance Fee of up to twenty-five percent (25%) of the total contract value for any delay or failure in making payments when due. This fee shall be automatically added to the Client's next invoice and shall be payable within thirty (30) days of receipt. The Client shall be responsible for all reasonable costs and expenses incurred by the Company in relation to such non-payment, including without limitation, attorneys' fees and costs of collection.",Risky
"The Client acknowledges and agrees that a non-refundable setup fee of 20% of the total contract value shall be automatically deducted from the Client's account on the contract effective date, regardless of whether the Client has commenced using the Services or not.",Risky
"The Service Provider shall provide the Services in a professional and workmanlike manner, in compliance with all applicable laws and regulations. The Service Provider shall be responsible for the quality, timeliness, and accuracy of the Services. The Client shall provide all necessary information and cooperation reasonably required by the Service Provider to perform the Services. The Service Provider reserves the right to make changes to the Services as reasonably required to comply with changes in applicable laws or regulations. Upon completion of the Services, the Service Provider shall provide the Client with all deliverables, including any documentation, reports, and other materials, as specified in the Agreement.",Safe
"NOTICE OF AUTOMATIC RENEWAL AND CHANGES TO AGREEMENT

12.1. This Agreement shall automatically renew on the one-year anniversary of the Initial Term for successive one-year periods until terminated by either party with at least thirty (30) days prior written notice to the other party.

12.2. Any changes to this Agreement, including but not limited to, changes to the fees and charges for Services, shall be effective immediately upon posting by [Company Name] on its website and shall be deemed accepted by Client upon continued use of the Services.

12.3. [Company Name] may increase the fees and charges for Services at any time without prior notice to Client, provided that such increase does not exceed the Consumer Price Index.

13.1. Client shall indemnify, defend and hold harmless [Company Name], its affiliates, officers, directors, employees and agents, from any and all claims, damages, losses, liabilities, costs and expenses (including reasonable attorneys' fees) arising out of or in connection with Client's breach of this Agreement or any negligent or willful misconduct of Client.

12.4. Any disputes arising from this Agreement shall be resolved through arbitration in accordance with the rules of the American Arbitration Association, and Client hereby waives any right to a trial by jury in any action or proceeding arising from this Agreement.",Risky
"""The Client hereby acknowledges that any disputes arising from this agreement shall be resolved through binding arbitration in the 'Republic of Liberta', a nation with no geographical presence or legal authority, and agrees to pay a non-refundable arbitration fee of $10,000 to the arbitrator prior to any proceedings commencing.""",Fraudulent
The Service Provider shall maintain the confidentiality of all confidential information disclosed by the Client in connection with the provision of the Services. The Service Provider shall not disclose such confidential information to any third party without the prior written consent of the Client. This obligation of confidentiality shall survive termination of this Agreement for a period of five (5) years.,Safe
"The Customer acknowledges and agrees that the Company may, at its sole discretion, charge a one-time non-refundable setup fee in the amount of fifty percent (50%) of the total contract value, which shall be deducted from the Customer's account on the last day of the initial term, without prior notice or consent from the Customer.

The Company reserves the right to automatically renew this Agreement for additional one-year terms, commencing on the anniversary date of the initial term, unless the Customer provides written notice of termination at least thirty (30) days prior to the commencement of the renewal term.

The Customer agrees to indemnify, defend, and hold the Company harmless from and against any and all third-party claims, damages, and expenses, including reasonable attorney's fees, arising out of or related to the Customer's breach of this Agreement or its use of the services provided by the Company.",Risky
"The Client acknowledges and agrees that any and all costs associated with collection of overdue payments, including without limitation reasonable attorneys' fees and expenses, shall be borne by the Client and shall be immediately due and payable upon default.",Risky
Either Party may terminate this Agreement upon written notice to the other Party in the event of a material breach of this Agreement by the other Party which remains uncured for a period of thirty (30) days following receipt of such written notice.,Safe
"The Parties agree that any disputes arising from this contract shall be resolved through binding arbitration in the fictitious jurisdiction of Azuria, with final judgment entered in favor of the Party submitting the arbitration notice, regardless of the merits of the dispute.

The Parties agree to the payment of $100,000 to the Contractor upon execution of this Agreement, said payment to be non-refundable and non-creditable toward any services rendered.

All claims for damages, whether in contract or tort, are hereby waived in favor of the Party who is found to have committed the most egregious breach of this Agreement, as determined solely by the Contractor.

The Parties agree that the Contractor shall have the sole and unilateral right to terminate this Agreement at any time, with or without cause, and that the Client shall be liable for all costs associated with such termination.

The Client acknowledges that they have been advised that the Contractor is not licensed to provide the services contemplated by this Agreement, but nevertheless agrees to hold harmless the Contractor for any and all damages resulting from the Contractor's unlicensed status.",Fraudulent
"BY ENTERING INTO THIS AGREEMENT, CLIENT ACKNOWLEDGES AND AGREES THAT CLIENT SHALL BE RESPONSIBLE FOR ALL FEES AND EXPENSES INCURRED BY PROVIDER IN CONNECTION WITH THE COLLECTION OF ANY UNPAID AMOUNTS UNDER THIS AGREEMENT, INCLUDING, WITHOUT LIMITATION, ATTORNEYS' FEES AND COURT COSTS, WHICH SHALL BE DEDUCTED FROM ANY PAYMENTS MADE BY CLIENT UNDER THIS AGREEMENT.",Risky
"ALL CLAIMS ARISING FROM THIS AGREEMENT SHALL BE SUBMITTED TO, AND EXCLUSIVELY DECIDED BY, THE ""FAUXVINCIA OVERSEAS DISPUTE RESOLUTION CENTER"" LOCATED IN THE REPUBLIC OF QUINCY, WHICH SHALL HAVE EXCLUSIVE JURISDICTION OVER SUCH CLAIMS AND ANY APPEALS THEREFROM. THE PARTIES HEREBY WAIVE ALL RIGHTS TO A JURY TRIAL, TO APPEAR IN PERSON OR BY COUNSEL AT ANY SUCH HEARING, AND TO APPEAL ANY DECISION OF THE FAUXVINCIA OVERSEAS DISPUTE RESOLUTION CENTER.",Fraudulent
